Kingdom	Phylum	Class	Order	Family	Genus	Species	
OTU1	Fungi	Ascomycota	Leotiomycetes	Helotiales	NotAssigned	yNotAssigned	NotAssigned
OTU2	Fungi	Glomeromycota	Glomeromycetes	Glomerales	Glomeraceae	Rhizoglomus_SAF22	R. irr. SAF22
OTU3	Fungi	Glomeromycota	Glomeromycetes	Glomerales	Glomeraceae	Funneliformis	Funneliformis mosseae
OTU4	Fungi	Glomeromycota	Glomeromycetes	Glomerales	Glomeraceae	Rhizoglomus_SAF22	R. irr. SAF22
OTU5	Fungi	Glomeromycota	Glomeromycetes	Glomerales	Glomeraceae	Funneliformis	Funneliformis sp.
OTU6	Fungi	Ascomycota	NotAssigned	NotAssigned	NotAssigned	yNotAssigned	NotAssigned
OTU7	Fungi	Glomeromycota	Glomeromycetes	Glomerales	Glomeraceae	Septoglomus	NotAssigned
OTU8	Fungi	Glomeromycota	Glomeromycetes	Glomerales	Glomeraceae	Rhizophagus	Rhizophagus irregularis
OTU9	Fungi	Glomeromycota	Glomeromycetes	Glomerales	Glomeraceae	Rhizoglomus_SAF22	R. irr. SAF22
OTU10	Fungi	Glomeromycota	Glomeromycetes	Glomerales	Glomeraceae	Rhizophagus	Rhizophagus sp.
OTU11	Fungi	Glomeromycota	Glomeromycetes	Glomerales	Glomeraceae	Funneliformis	Funneliformis caledonium
OTU12	Fungi	Basidiomycota	Agaricomycetes	Agaricales	Inocybaceae	Inocybe	NotAssigned
OTU13	Fungi	Glomeromycota	Glomeromycetes	Glomerales	Glomeraceae	Rhizophagus	Rhizophagus irregularis
OTU14	Fungi	Glomeromycota	Glomeromycetes	Glomerales	Glomeraceae	Funneliformis	Funneliformis caledonium
OTU15	Fungi	Glomeromycota	Glomeromycetes	Glomerales	Glomeraceae	Septoglomus	Septoglomus viscosum
OTU16	Fungi	Glomeromycota	Glomeromycetes	Glomerales	Glomeraceae	Rhizoglomus_SAF22	R. irr. SAF22
OTU17	Fungi	Glomeromycota	Glomeromycetes	Glomerales	Claroideoglomeraceae	yNotAssigned	NotAssigned
OTU18	Fungi	Basidiomycota	Agaricomycetes	Agaricales	Cortinariaceae	Cortinarius	Cortinarius bivelus
OTU19	Fungi	Glomeromycota	Glomeromycetes	Glomerales	Glomeraceae	Rhizophagus	Rhizophagus irregularis
OTU20	Fungi	Ascomycota	Saccharomycetes	Saccharomycetales	Saccharomycetales fam Incertae sedis	Candida	NotAssigned
OTU21	Fungi	Glomeromycota	Glomeromycetes	NotAssigned	NotAssigned	yNotAssigned	NotAssigned
OTU22	Fungi	Glomeromycota	Glomeromycetes	Glomerales	Glomeraceae	Dominikia	Dominikia aurea
OTU23	Fungi	Glomeromycota	Glomeromycetes	Glomerales	Glomeraceae	Septoglomus	NotAssigned
OTU24	Fungi	Glomeromycota	Glomeromycetes	Glomerales	Glomeraceae	Rhizoglomus	Rhizoglomus silesianum
OTU25	Fungi	Glomeromycota	Paraglomeromycetes	Paraglomerales	Paraglomeraceae	Paraglomus	NotAssigned
OTU26	Fungi	Glomeromycota	Glomeromycetes	Glomerales	Glomeraceae	Rhizophagus	Rhizophagus sp.
OTU27	Fungi	Glomeromycota	Glomeromycetes	Glomerales	Claroideoglomeraceae	Claroideoglomus	Claroideoglomus lamellosum
OTU28	Fungi	Glomeromycota	Glomeromycetes	Glomerales	Glomeraceae	Funneliformis	Funneliformis sp.
OTU29	Fungi	Glomeromycota	Glomeromycetes	Glomerales	Glomeraceae	Septoglomus	Septoglomus viscosum
OTU30	Fungi	Glomeromycota	Glomeromycetes	Glomerales	Claroideoglomeraceae	yNotAssigned	NotAssigned
OTU31	Fungi	Ascomycota	Leotiomycetes	Helotiales	Helotiaceae	Phaeohelotium	NotAssigned
OTU32	Fungi	Glomeromycota	Glomeromycetes	Glomerales	Glomeraceae	Dominikia	NotAssigned
OTU33	NotAssigned	NotAssigned	NotAssigned	NotAssigned	NotAssigned	yNotAssigned	NotAssigned
OTU34	Fungi	Glomeromycota	Glomeromycetes	Glomerales	Glomeraceae	Glomus	Glomus sp.
OTU35	Fungi	Glomeromycota	Glomeromycetes	Glomerales	Glomeraceae	Septoglomus	Septoglomus constrictum
OTU36	Fungi	Ascomycota	PezizomycotiNotAssigned cls Incertae sedis	PezizomycotiNotAssigned ord Incertae sedis	PezizomycotiNotAssigned fam Incertae sedis	Ciliophora	NotAssigned
OTU37	Fungi	Glomeromycota	Glomeromycetes	Glomerales	Glomeraceae	Dominikia	NotAssigned
OTU38	Fungi	Glomeromycota	Glomeromycetes	Glomerales	Glomeraceae	Rhizophagus	Rhizophagus irregularis
OTU39	Fungi	Glomeromycota	Glomeromycetes	Glomerales	Glomeraceae	Septoglomus	NotAssigned
OTU40	Fungi	Glomeromycota	Glomeromycetes	Glomerales	Glomeraceae	Septoglomus	Septoglomus jasnowskae
OTU41	Fungi	Glomeromycota	Glomeromycetes	Glomerales	Claroideoglomeraceae	yNotAssigned	NotAssigned
OTU42	Fungi	Glomeromycota	Glomeromycetes	Glomerales	Claroideoglomeraceae	Claroideoglomus	Claroideoglomus lamellosum
OTU43	Fungi	Basidiomycota	Tremellomycetes	NotAssigned	NotAssigned	yNotAssigned	NotAssigned
OTU44	Fungi	Glomeromycota	Glomeromycetes	Diversisporales	Diversisporaceae	Diversispora	NotAssigned
OTU45	Fungi	Ascomycota	Eurotiomycetes	Eurotiales	Aspergillaceae	Penicillium	Penicillium citrinum
OTU46	Fungi	Glomeromycota	Glomeromycetes	Diversisporales	Diversisporaceae	yNotAssigned	NotAssigned
OTU47	Fungi	Glomeromycota	Glomeromycetes	Glomerales	Claroideoglomeraceae	yNotAssigned	NotAssigned
OTU48	NotAssigned	NotAssigned	NotAssigned	NotAssigned	NotAssigned	yNotAssigned	NotAssigned
OTU49	Fungi	Glomeromycota	Glomeromycetes	Glomerales	Glomeraceae	Rhizophagus	Rhizophagus sp.
OTU50	Fungi	Glomeromycota	Glomeromycetes	Glomerales	Glomeraceae	Dominikia	Dominikia iranica
OTU51	Fungi	Glomeromycota	Glomeromycetes	Glomerales	Glomeraceae	Rhizophagus	Rhizophagus irregularis
OTU52	Fungi	Glomeromycota	Glomeromycetes	Glomerales	Glomeraceae	yNotAssigned	NotAssigned
OTU53	Fungi	Glomeromycota	Glomeromycetes	Glomerales	Glomeraceae	yNotAssigned	NotAssigned
OTU54	Fungi	Glomeromycota	Glomeromycetes	Glomerales	Glomeraceae	Rhizophagus	Rhizophagus irregularis
OTU55	Fungi	Ascomycota	Leotiomycetes	Helotiales	Helotiaceae	Phaeohelotium	NotAssigned
OTU56	Fungi	Glomeromycota	Glomeromycetes	Glomerales	Glomeraceae	Septoglomus	Septoglomus constrictum
OTU57	Fungi	Glomeromycota	NotAssigned	NotAssigned	NotAssigned	yNotAssigned	NotAssigned
OTU58	Fungi	Ascomycota	Dothideomycetes	Capnodiales	Cladosporiaceae	Cladosporium	Cladosporium spp.
OTU59	Fungi	Glomeromycota	Glomeromycetes	Glomerales	Glomeraceae	yNotAssigned	NotAssigned
OTU60	Fungi	Glomeromycota	Glomeromycetes	Glomerales	Glomeraceae	yNotAssigned	NotAssigned
OTU61	Fungi	Ascomycota	NotAssigned	NotAssigned	NotAssigned	yNotAssigned	NotAssigned
OTU62	NotAssigned	NotAssigned	NotAssigned	NotAssigned	NotAssigned	yNotAssigned	NotAssigned
OTU63	Fungi	Glomeromycota	Glomeromycetes	Glomerales	Glomeraceae	Rhizophagus	Rhizophagus irregularis
OTU64	Fungi	Ascomycota	Sordariomycetes	NotAssigned	NotAssigned	yNotAssigned	NotAssigned
OTU65	Fungi	Glomeromycota	Glomeromycetes	Glomerales	Glomeraceae	Glomus	NotAssigned
OTU66	Fungi	Glomeromycota	Glomeromycetes	Glomerales	Glomeraceae	yNotAssigned	NotAssigned
OTU67	NotAssigned	NotAssigned	NotAssigned	NotAssigned	NotAssigned	yNotAssigned	NotAssigned
OTU68	Fungi	Ascomycota	Dothideomycetes	Pleosporales	Cucurbitariaceae	Pyrenochaeta	NotAssigned
OTU69	Fungi	Glomeromycota	Glomeromycetes	Glomerales	Glomeraceae	Rhizophagus	Rhizophagus irregularis
OTU70	NotAssigned	NotAssigned	NotAssigned	NotAssigned	NotAssigned	yNotAssigned	NotAssigned
OTU71	Fungi	Basidiomycota	Agaricomycetes	Agaricales	Nidulariaceae	Cyathus	Cyathus stercoreus
OTU72	Fungi	Ascomycota	Leotiomycetes	Helotiales	Helotiaceae	Phaeohelotium	NotAssigned
OTU73	NotAssigned	NotAssigned	NotAssigned	NotAssigned	NotAssigned	yNotAssigned	NotAssigned
OTU74	Fungi	Glomeromycota	Glomeromycetes	Glomerales	Glomeraceae	Rhizoglomus_SAF22	R. irr. SAF22
OTU75	Fungi	Glomeromycota	Glomeromycetes	Glomerales	Glomeraceae	Dominikia	NotAssigned
OTU76	Fungi	Ascomycota	Leotiomycetes	Helotiales	Helotiaceae	Phaeohelotium	NotAssigned
OTU77	Fungi	Glomeromycota	Glomeromycetes	Glomerales	Glomeraceae	yNotAssigned	NotAssigned
OTU78	NotAssigned	NotAssigned	NotAssigned	NotAssigned	NotAssigned	yNotAssigned	NotAssigned
OTU79	Fungi	Basidiomycota	Agaricomycetes	Cantharellales	Ceratobasidiaceae	yNotAssigned	NotAssigned
OTU80	Fungi	Glomeromycota	Glomeromycetes	Glomerales	Claroideoglomeraceae	Claroideoglomus	Claroideoglomus hanlinii
OTU81	Fungi	Olpidiomycota	Olpidiomycetes	Olpidiales	Olpidiaceae	Olpidium	Olpidium brassicae
OTU82	Fungi	Ascomycota	Eurotiomycetes	Verrucariales	Verrucariaceae	Clavascidium	NotAssigned
OTU83	Fungi	Ascomycota	Leotiomycetes	"	Helotiales"	Helotiaceae	Tetracladium	Tetracladium sp.
OTU84	Fungi	Glomeromycota	Glomeromycetes	Glomerales	Glomeraceae	Rhizoglomus_SAF22	R. irr. SAF22
OTU85	Fungi	Ascomycota	Leotiomycetes	Helotiales	Helotiaceae	Tympanis	NotAssigned
OTU86	Fungi	Basidiomycota	Agaricomycetes	Cantharellales	Ceratobasidiaceae	yNotAssigned	NotAssigned
OTU87	Fungi	Glomeromycota	Glomeromycetes	Glomerales	Glomeraceae	Funneliformis	NotAssigned
OTU88	Fungi	Glomeromycota	Glomeromycetes	Glomerales	Glomeraceae	Glomus	Glomus macrocarpum
OTU89	Fungi	Ascomycota	Leotiomycetes	Helotiales	Helotiaceae	Phaeohelotium	NotAssigned
OTU90	Fungi	Glomeromycota	Glomeromycetes	Glomerales	Glomeraceae	yNotAssigned	NotAssigned
OTU91	NotAssigned	NotAssigned	NotAssigned	NotAssigned	NotAssigned	yNotAssigned	NotAssigned
OTU92	Fungi	Glomeromycota	Glomeromycetes	Glomerales	Glomeraceae	Dominikia	Dominikia aurea
OTU93	Fungi	Glomeromycota	Glomeromycetes	Glomerales	Glomeraceae	yNotAssigned	NotAssigned
OTU94	Fungi	Glomeromycota	Glomeromycetes	Glomerales	Glomeraceae	yNotAssigned	NotAssigned
OTU95	Fungi	Glomeromycota	Glomeromycetes	Glomerales	Glomeraceae	Dominikia	Dominikia iranica
OTU96	Fungi	Ascomycota	Sordariomycetes	NotAssigned	NotAssigned	yNotAssigned	NotAssigned
OTU97	Fungi	Ascomycota	Leotiomycetes	Helotiales	Helotiaceae	Phaeohelotium	NotAssigned
OTU98	Fungi	Ascomycota	Sordariomycetes	Glomerellales	Plectosphaerellaceae	Verticillium	NotAssigned
OTU99	NotAssigned	NotAssigned	NotAssigned	NotAssigned	NotAssigned	yNotAssigned	NotAssigned
OTU100	Fungi	Ascomycota	Leotiomycetes	Helotiales	Helotiaceae	Phaeohelotium	NotAssigned
OTU101	Fungi	Ascomycota	Dothideomycetes	Pleosporales	NotAssigned	yNotAssigned	NotAssigned
OTU102	Fungi	Glomeromycota	Glomeromycetes	Glomerales	Glomeraceae	Glomus	NotAssigned
OTU103	NotAssigned	NotAssigned	NotAssigned	NotAssigned	NotAssigned	yNotAssigned	NotAssigned
OTU104	Fungi	Glomeromycota	Glomeromycetes	Glomerales	Glomeraceae	Funneliformis	Funneliformis sp.
OTU105	Fungi	Glomeromycota	Glomeromycetes	Glomerales	Glomeraceae	Glomus	NotAssigned
OTU106	Fungi	Glomeromycota	Glomeromycetes	Glomerales	Claroideoglomeraceae	Claroideoglomus	NotAssigned
OTU107	Fungi	Glomeromycota	NotAssigned	NotAssigned	NotAssigned	yNotAssigned	NotAssigned
OTU108	Fungi	Ascomycota	Leotiomycetes	Helotiales	Helotiaceae	Phaeohelotium	NotAssigned
OTU109	Fungi	Basidiomycota	Tremellomycetes	Cystofilobasidiales	Mrakiaceae	Udeniomyces	Udeniomyces kaNotAssignedsensis
OTU110	Fungi	Basidiomycota	Agaricomycetes	Cantharellales	Ceratobasidiaceae	yNotAssigned	NotAssigned
OTU111	Fungi	Ascomycota	Leotiomycetes	Helotiales	Helotiales fam Incertae sedis	Mycochaetophora	Mycochaetophora gentiaNotAssignede
OTU112	NotAssigned	NotAssigned	NotAssigned	NotAssigned	NotAssigned	yNotAssigned	NotAssigned
OTU113	Fungi	Glomeromycota	Glomeromycetes	Glomerales	Glomeraceae	Dominikia	NotAssigned
OTU114	Fungi	Glomeromycota	Glomeromycetes	Glomerales	Glomeraceae	Funneliformis	Funneliformis mosseae
OTU115	Fungi	Glomeromycota	Glomeromycetes	Glomerales	Glomeraceae	Glomus	NotAssigned
OTU116	NotAssigned	NotAssigned	NotAssigned	NotAssigned	NotAssigned	yNotAssigned	NotAssigned
OTU117	Fungi	Ascomycota	Leotiomycetes	Helotiales	Helotiaceae	Phaeohelotium	NotAssigned
OTU118	Fungi	Glomeromycota	Glomeromycetes	Glomerales	Glomeraceae	yNotAssigned	NotAssigned
OTU119	Fungi	Glomeromycota	Glomeromycetes	Glomerales	Glomeraceae	Glomus	NotAssigned
OTU120	Fungi	Glomeromycota	Glomeromycetes	Glomerales	Glomeraceae	Dominikia	Dominikia bernensis
OTU121	Fungi	Glomeromycota	Glomeromycetes	Glomerales	Glomeraceae	Dominikia	NotAssigned
OTU122	Fungi	Ascomycota	Leotiomycetes	Helotiales	Helotiaceae	Phaeohelotium	NotAssigned
OTU123	Fungi	Ascomycota	Leotiomycetes	Helotiales	Helotiaceae	Tympanis	NotAssigned
OTU124	Fungi	Basidiomycota	Malasseziomycetes	Malasseziales	Malasseziaceae	Malassezia	Malassezia restricta
OTU125	Fungi	Ascomycota	Leotiomycetes	Helotiales	Helotiaceae	Phaeohelotium	NotAssigned
OTU126	Fungi	Glomeromycota	Glomeromycetes	Glomerales	NotAssigned	yNotAssigned	NotAssigned
OTU127	Fungi	Glomeromycota	Glomeromycetes	Glomerales	Glomeraceae	Funneliformis	Funneliformis mosseae
OTU128	Fungi	Glomeromycota	Glomeromycetes	Glomerales	Glomeraceae	yNotAssigned	NotAssigned
OTU129	NotAssigned	NotAssigned	NotAssigned	NotAssigned	NotAssigned	yNotAssigned	NotAssigned
OTU130	Fungi	Basidiomycota	Agaricomycetes	Cantharellales	Ceratobasidiaceae	yNotAssigned	NotAssigned
OTU131	Fungi	Ascomycota	Leotiomycetes	Helotiales	Helotiaceae	Phaeohelotium	NotAssigned
OTU132	Fungi	Basidiomycota	Tremellomycetes	Tremellales	Bulleribasidiaceae	Vishniacozyma	Vishniacozyma sp.
OTU133	NotAssigned	NotAssigned	NotAssigned	NotAssigned	NotAssigned	yNotAssigned	NotAssigned
OTU134	Fungi	NotAssigned	NotAssigned	NotAssigned	NotAssigned	yNotAssigned	NotAssigned
OTU135	NotAssigned	NotAssigned	NotAssigned	NotAssigned	NotAssigned	yNotAssigned	NotAssigned
OTU136	NotAssigned	NotAssigned	NotAssigned	NotAssigned	NotAssigned	yNotAssigned	NotAssigned
OTU137	Fungi	NotAssigned	NotAssigned	NotAssigned	NotAssigned	yNotAssigned	NotAssigned
OTU138	NotAssigned	NotAssigned	NotAssigned	NotAssigned	NotAssigned	yNotAssigned	NotAssigned
OTU139	Fungi	Glomeromycota	Glomeromycetes	Glomerales	Glomeraceae	Dominikia	NotAssigned
OTU140	Fungi	NotAssigned	NotAssigned	NotAssigned	NotAssigned	yNotAssigned	NotAssigned
OTU141	NotAssigned	NotAssigned	NotAssigned	NotAssigned	NotAssigned	yNotAssigned	NotAssigned
OTU142	Fungi	Ascomycota	Leotiomycetes	Helotiales	Helotiaceae	Phaeohelotium	NotAssigned
OTU143	Fungi	NotAssigned	NotAssigned	NotAssigned	NotAssigned	yNotAssigned	NotAssigned
OTU144	Fungi	Glomeromycota	Glomeromycetes	Glomerales	Claroideoglomeraceae	Claroideoglomus	NotAssigned
OTU145	Fungi	Ascomycota	Leotiomycetes	Helotiales	Helotiaceae	Phaeohelotium	NotAssigned
OTU146	Fungi	Basidiomycota	Malasseziomycetes	Malasseziales	Malasseziaceae	Malassezia	Malassezia globosa
OTU147	NotAssigned	NotAssigned	NotAssigned	NotAssigned	NotAssigned	yNotAssigned	NotAssigned
OTU148	NotAssigned	NotAssigned	NotAssigned	NotAssigned	NotAssigned	yNotAssigned	NotAssigned
OTU149	Fungi	Ascomycota	NotAssigned	NotAssigned	NotAssigned	yNotAssigned	NotAssigned
OTU150	Fungi	Basidiomycota	Agaricomycetes	Agaricales	Psathyrellaceae	Coprinopsis	Coprinopsis vermiculifer
OTU151	Fungi	Basidiomycota	Agaricomycetes	NotAssigned	NotAssigned	yNotAssigned	NotAssigned
OTU152	Fungi	Glomeromycota	Glomeromycetes	Glomerales	Glomeraceae	Glomus	NotAssigned
OTU153	Fungi	NotAssigned	NotAssigned	NotAssigned	NotAssigned	yNotAssigned	NotAssigned
OTU154	Fungi	Glomeromycota	Glomeromycetes	Glomerales	Glomeraceae	yNotAssigned	NotAssigned
OTU155	Fungi	Basidiomycota	Tremellomycetes	Tremellales	Bulleribasidiaceae	Vishniacozyma	NotAssigned
OTU156	Fungi	Ascomycota	Leotiomycetes	Helotiales	Helotiaceae	Phaeohelotium	NotAssigned
OTU157	NotAssigned	NotAssigned	NotAssigned	NotAssigned	NotAssigned	yNotAssigned	NotAssigned
OTU158	Fungi	Ascomycota	Dothideomycetes	Pleosporales	Didymellaceae	Didymella	NotAssigned
OTU159	Fungi	NotAssigned	NotAssigned	NotAssigned	NotAssigned	yNotAssigned	NotAssigned
OTU160	Fungi	Basidiomycota	Tremellomycetes	Tremellales	Bulleribasidiaceae	Dioszegia	NotAssigned
OTU161	NotAssigned	NotAssigned	NotAssigned	NotAssigned	NotAssigned	yNotAssigned	NotAssigned
OTU162	NotAssigned	NotAssigned	NotAssigned	NotAssigned	NotAssigned	yNotAssigned	NotAssigned
OTU163	Fungi	Basidiomycota	Malasseziomycetes	Malasseziales	Malasseziaceae	Malassezia	Malassezia restricta
OTU164	Fungi	Chytridiomycota	Chytridiomycetes	NotAssigned	NotAssigned	yNotAssigned	NotAssigned
OTU165	Fungi	Glomeromycota	Glomeromycetes	Glomerales	Glomeraceae	Rhizoglomus_SAF22	R. irr. SAF22
OTU166	Fungi	Glomeromycota	Glomeromycetes	Glomerales	Claroideoglomeraceae	Claroideoglomus	NotAssigned
OTU167	Fungi	Ascomycota	Leotiomycetes	Helotiales	Helotiaceae	Phaeohelotium	NotAssigned
OTU168	Fungi	Glomeromycota	Glomeromycetes	Glomerales	Claroideoglomeraceae	Claroideoglomus	NotAssigned
OTU169	Fungi	Basidiomycota	Ustilaginomycetes	UstilagiNotAssignedles	UstilagiNotAssignedceae	Anthracocystis	Anthracocystis elionuri
OTU170	Fungi	Basidiomycota	Agaricomycetes	Agaricales	CortiNotAssignedriaceae	CortiyNotAssignedrius	CortiNotAssignedrius pseudofallax
OTU171	NotAssigned	NotAssigned	NotAssigned	NotAssigned	NotAssigned	yNotAssigned	NotAssigned
OTU172	Fungi	Basidiomycota	Tremellomycetes	Tremellales	Bulleribasidiaceae	Dioszegia	NotAssigned
OTU173	Fungi	Basidiomycota	Agaricomycetes	Agaricales	Inocybaceae	Inocybe	NotAssigned
OTU174	Fungi	Glomeromycota	Glomeromycetes	Glomerales	Glomeraceae	Funneliformis	Funneliformis caledonium
OTU175	Fungi	Glomeromycota	Glomeromycetes	Glomerales	Glomeraceae	Dominikia	NotAssigned
OTU176	NotAssigned	NotAssigned	NotAssigned	NotAssigned	NotAssigned	yNotAssigned	NotAssigned
OTU177	Fungi	NotAssigned	NotAssigned	NotAssigned	NotAssigned	yNotAssigned	NotAssigned
OTU178	NotAssigned	NotAssigned	NotAssigned	NotAssigned	NotAssigned	yNotAssigned	NotAssigned
OTU179	Fungi	Ascomycota	Sordariomycetes	Xylariales	Amphisphaeriaceae	Seimatosporium	Seimatosporium italicum
OTU180	Fungi	Basidiomycota	Malasseziomycetes	Malasseziales	Malasseziaceae	Malassezia	Malassezia sympodialis
OTU181	NotAssigned	NotAssigned	NotAssigned	NotAssigned	NotAssigned	yNotAssigned	NotAssigned
OTU182	NotAssigned	NotAssigned	NotAssigned	NotAssigned	NotAssigned	yNotAssigned	NotAssigned
OTU183	Fungi	Ascomycota	Sordariomycetes	Xylariales	Hyponectriaceae	Monographella	Monographella nivalis
OTU184	Fungi	Ascomycota	Leotiomycetes	Helotiales	Helotiaceae	Phaeohelotium	NotAssigned
OTU185	Fungi	Glomeromycota	Glomeromycetes	Diversisporales	Acaulosporaceae	Acaulospora	NotAssigned
OTU186	Fungi	Ascomycota	Leotiomycetes	Helotiales	Helotiaceae	Tympanis	NotAssigned
OTU187	Fungi	NotAssigned	NotAssigned	NotAssigned	NotAssigned	yNotAssigned	NotAssigned
OTU188	NotAssigned	NotAssigned	NotAssigned	NotAssigned	NotAssigned	yNotAssigned	NotAssigned
OTU189	Fungi	Ascomycota	Leotiomycetes	Helotiales	Helotiaceae	Phaeohelotium	NotAssigned
OTU190	Fungi	Glomeromycota	Glomeromycetes	Glomerales	Claroideoglomeraceae	Claroideoglomus	Claroideoglomus hanlinii
OTU191	Fungi	Ascomycota	Orbiliomycetes	Orbiliales	Orbiliales fam Incertae sedis	Microdochiella	Microdochiella fusarioides
OTU192	Fungi	Basidiomycota	Agaricomycetes	Tremellodendropsidales	NotAssigned	yNotAssigned	NotAssigned
OTU193	Fungi	Mortierellomycota	Mortierellomycetes	Mortierellales	Mortierellaceae	Mortierella	Mortierella hyaliNotAssigned
OTU194	Fungi	Glomeromycota	Glomeromycetes	Glomerales	Glomeraceae	Septoglomus	Septoglomus constrictum
OTU195	Fungi	Basidiomycota	Agaricomycetes	Agaricales	Stephanosporaceae	yNotAssigned	NotAssigned
OTU196	Fungi	Glomeromycota	Glomeromycetes	Glomerales	Glomeraceae	Rhizoglomus_SAF22	R. irr. SAF22
OTU197	Fungi	Glomeromycota	Glomeromycetes	Glomerales	Glomeraceae	Funneliformis	Funneliformis mosseae
OTU198	Fungi	Ascomycota	Leotiomycetes	Helotiales	NotAssigned	yNotAssigned	NotAssigned
OTU199	Fungi	Glomeromycota	Glomeromycetes	Glomerales	Glomeraceae	Septoglomus	NotAssigned
OTU200	Fungi	Ascomycota	Leotiomycetes	Helotiales	Helotiaceae	Phaeohelotium	NotAssigned
OTU201	Fungi	Basidiomycota	Tremellomycetes	Tremellales	Bulleribasidiaceae	HanyNotAssignedella	HanNotAssignedella surugaensis
OTU202	Fungi	Ascomycota	Dothideomycetes	Capnodiales	Cladosporiaceae	Graphiopsis	Graphiopsis chlorocephala
OTU203	Fungi	Basidiomycota	Malasseziomycetes	Malasseziales	Malasseziaceae	yNotAssigned	NotAssigned
OTU204	Fungi	NotAssigned	NotAssigned	NotAssigned	NotAssigned	yNotAssigned	NotAssigned
OTU205	Fungi	Ascomycota	NotAssigned	NotAssigned	NotAssigned	yNotAssigned	NotAssigned
OTU206	Fungi	Ascomycota	Leotiomycetes	Helotiales	Helotiaceae	Phaeohelotium	NotAssigned
OTU207	Fungi	Ascomycota	Dothideomycetes	Pleosporales	Pleosporales fam Incertae sedis	Hermatomyces	NotAssigned
OTU208	Fungi	Ascomycota	Dothideomycetes	Pleosporales	Sporormiaceae	yNotAssigned	NotAssigned
OTU209	Fungi	Glomeromycota	Glomeromycetes	Glomerales	Glomeraceae	yNotAssigned	NotAssigned
OTU210	Fungi	Ascomycota	Leotiomycetes	Helotiales	Helotiaceae	Phaeohelotium	NotAssigned
OTU211	Fungi	Ascomycota	Leotiomycetes	Helotiales	Helotiaceae	Phaeohelotium	NotAssigned
OTU212	Fungi	Glomeromycota	Glomeromycetes	Glomerales	Glomeraceae	yNotAssigned	NotAssigned
OTU213	Fungi	Glomeromycota	Glomeromycetes	Glomerales	Glomeraceae	Funneliformis	Funneliformis mosseae
OTU214	Fungi	Ascomycota	NotAssigned	NotAssigned	NotAssigned	yNotAssigned	NotAssigned
OTU215	Fungi	Ascomycota	Leotiomycetes	Helotiales	Helotiaceae	Phaeohelotium	NotAssigned
OTU216	NotAssigned	NotAssigned	NotAssigned	NotAssigned	NotAssigned	yNotAssigned	NotAssigned
OTU217	Fungi	Glomeromycota	Glomeromycetes	Diversisporales	Diversisporaceae	Diversispora	Diversispora epigaea
OTU218	Fungi	Ascomycota	Leotiomycetes	Helotiales	Helotiaceae	Phaeohelotium	NotAssigned
OTU219	Fungi	Ascomycota	NotAssigned	NotAssigned	NotAssigned	yNotAssigned	NotAssigned
OTU220	Fungi	Ascomycota	Pezizomycetes	Pezizales	Pyronemataceae	Lasiobolidium	Lasiobolidium orbiculoides
OTU221	Fungi	Glomeromycota	Glomeromycetes	Glomerales	Claroideoglomeraceae	Claroideoglomus	Claroideoglomus claroideum
OTU222	Fungi	Ascomycota	Leotiomycetes	Helotiales	Helotiaceae	Phaeohelotium	NotAssigned
OTU223	Fungi	Ascomycota	Leotiomycetes	Helotiales	Helotiaceae	Phaeohelotium	NotAssigned
OTU224	NotAssigned	NotAssigned	NotAssigned	NotAssigned	NotAssigned	yNotAssigned	NotAssigned
OTU225	Fungi	NotAssigned	NotAssigned	NotAssigned	NotAssigned	yNotAssigned	NotAssigned
OTU226	Fungi	Ascomycota	Dothideomycetes	NotAssigned	NotAssigned	yNotAssigned	NotAssigned
OTU227	NotAssigned	NotAssigned	NotAssigned	NotAssigned	NotAssigned	yNotAssigned	NotAssigned
OTU228	Fungi	Ascomycota	Sordariomycetes	Xylariales	Apiosporaceae	Arthrinium	NotAssigned
OTU229	Fungi	Ascomycota	Leotiomycetes	Helotiales	Helotiaceae	Phaeohelotium	NotAssigned
OTU230	Fungi	Ascomycota	Leotiomycetes	Helotiales	Helotiaceae	Phaeohelotium	NotAssigned
OTU231	Fungi	NotAssigned	NotAssigned	NotAssigned	NotAssigned	yNotAssigned	NotAssigned
OTU232	Fungi	Ascomycota	Leotiomycetes	Helotiales	Helotiaceae	Phaeohelotium	NotAssigned
OTU233	NotAssigned	NotAssigned	NotAssigned	NotAssigned	NotAssigned	yNotAssigned	NotAssigned
OTU234	NotAssigned	NotAssigned	NotAssigned	NotAssigned	NotAssigned	yNotAssigned	NotAssigned
OTU235	Fungi	Ascomycota	NotAssigned	NotAssigned	NotAssigned	yNotAssigned	NotAssigned
OTU236	Fungi	Basidiomycota	Agaricomycetes	Cantharellales	Ceratobasidiaceae	yNotAssigned	NotAssigned
OTU237	Fungi	Ascomycota	Leotiomycetes	Helotiales	Helotiaceae	Phaeohelotium	NotAssigned
OTU238	Fungi	Glomeromycota	Paraglomeromycetes	Paraglomerales	Paraglomeraceae	Paraglomus	Paraglomus laccatum
OTU239	Fungi	Basidiomycota	Tremellomycetes	Tremellales	Bulleribasidiaceae	Vishniacozyma	Vishniacozyma taibaiensis
OTU240	Fungi	Ascomycota	Leotiomycetes	Helotiales	Helotiaceae	Phaeohelotium	NotAssigned
OTU241	Fungi	Basidiomycota	Agaricomycetes	Cantharellales	Ceratobasidiaceae	yNotAssigned	NotAssigned
OTU242	Fungi	Ascomycota	Leotiomycetes	Helotiales	NotAssigned	yNotAssigned	NotAssigned
OTU243	NotAssigned	NotAssigned	NotAssigned	NotAssigned	NotAssigned	yNotAssigned	NotAssigned
OTU244	NotAssigned	NotAssigned	NotAssigned	NotAssigned	NotAssigned	yNotAssigned	NotAssigned
OTU245	Fungi	Ascomycota	Leotiomycetes	Helotiales	Helotiaceae	Phaeohelotium	NotAssigned
OTU246	Fungi	Ascomycota	Leotiomycetes	Helotiales	Helotiaceae	Phaeohelotium	NotAssigned
OTU247	Fungi	Ascomycota	Leotiomycetes	Helotiales	Helotiaceae	Phaeohelotium	NotAssigned
OTU248	Fungi	Rozellomycota	NotAssigned	NotAssigned	NotAssigned	yNotAssigned	NotAssigned
OTU249	Fungi	Ascomycota	Leotiomycetes	Helotiales	Helotiaceae	Phaeohelotium	NotAssigned
OTU250	Fungi	NotAssigned	NotAssigned	NotAssigned	NotAssigned	yNotAssigned	NotAssigned
OTU251	NotAssigned	NotAssigned	NotAssigned	NotAssigned	NotAssigned	yNotAssigned	NotAssigned
OTU252	Fungi	Ascomycota	Leotiomycetes	Helotiales	Helotiaceae	Phaeohelotium	NotAssigned
OTU253	NotAssigned	NotAssigned	NotAssigned	NotAssigned	NotAssigned	yNotAssigned	NotAssigned
OTU254	NotAssigned	NotAssigned	NotAssigned	NotAssigned	NotAssigned	yNotAssigned	NotAssigned
OTU255	Fungi	Ascomycota	Leotiomycetes	Helotiales	Helotiaceae	Phaeohelotium	NotAssigned
OTU256	Fungi	Basidiomycota	Agaricomycetes	Agaricales	CortiNotAssignedriaceae	CortiyNotAssignedrius	CortiNotAssignedrius dolabratus
OTU257	Fungi	NotAssigned	NotAssigned	NotAssigned	NotAssigned	yNotAssigned	NotAssigned
OTU258	NotAssigned	NotAssigned	NotAssigned	NotAssigned	NotAssigned	yNotAssigned	NotAssigned
OTU259	Fungi	Basidiomycota	Agaricomycetes	Cantharellales	Ceratobasidiaceae	yNotAssigned	NotAssigned
OTU260	NotAssigned	NotAssigned	NotAssigned	NotAssigned	NotAssigned	yNotAssigned	NotAssigned
OTU261	Fungi	Glomeromycota	Glomeromycetes	Glomerales	Glomeraceae	Dominikia	NotAssigned
OTU262	Fungi	Ascomycota	Leotiomycetes	Helotiales	Helotiaceae	Phaeohelotium	NotAssigned
OTU263	Fungi	Ascomycota	Dothideomycetes	Capnodiales	Capnodiaceae	yNotAssigned	NotAssigned
OTU264	Fungi	Ascomycota	Pezizomycetes	Pezizales	Morchellaceae	Morchella	Morchella importuNotAssigned
OTU265	Fungi	Ascomycota	NotAssigned	NotAssigned	NotAssigned	yNotAssigned	NotAssigned
OTU266	Fungi	Ascomycota	Leotiomycetes	Helotiales	Helotiaceae	Phaeohelotium	NotAssigned
OTU267	Fungi	Ascomycota	Dothideomycetes	NotAssigned	NotAssigned	yNotAssigned	NotAssigned
OTU268	Fungi	Basidiomycota	Agaricomycetes	Cantharellales	ClavuliNotAssignedceae	yNotAssigned	NotAssigned
OTU269	Fungi	Mortierellomycota	Mortierellomycetes	Mortierellales	Mortierellaceae	Mortierella	Mortierella hyaliNotAssigned
OTU270	Fungi	Basidiomycota	Tremellomycetes	Holtermanniales	Holtermanniales fam Incertae sedis	Holtermanniella	Holtermanniella takashimae
OTU271	Fungi	Glomeromycota	Glomeromycetes	Glomerales	Glomeraceae	yNotAssigned	NotAssigned
OTU272	Fungi	Ascomycota	Leotiomycetes	Helotiales	Helotiaceae	Phaeohelotium	NotAssigned
OTU273	NotAssigned	NotAssigned	NotAssigned	NotAssigned	NotAssigned	yNotAssigned	NotAssigned
OTU274	Fungi	Basidiomycota	Agaricomycetes	SebaciNotAssignedles	Serendipitaceae	yNotAssigned	NotAssigned
OTU275	Fungi	Glomeromycota	Glomeromycetes	Glomerales	Glomeraceae	Dominikia	NotAssigned
OTU276	Fungi	Ascomycota	Dothideomycetes	Capnodiales	Mycosphaerellaceae	Pseudocercospora	Pseudocercospora vassobiae
OTU277	Fungi	Glomeromycota	Glomeromycetes	Glomerales	Glomeraceae	yNotAssigned	NotAssigned
OTU278	Fungi	Ascomycota	Pezizomycetes	Pezizales	Pyronemataceae	yNotAssigned	NotAssigned
OTU279	Fungi	Ascomycota	Leotiomycetes	Helotiales	Helotiaceae	Phaeohelotium	NotAssigned
OTU280	Fungi	Ascomycota	Leotiomycetes	Helotiales	Helotiaceae	Phaeohelotium	NotAssigned
OTU281	Fungi	Ascomycota	Leotiomycetes	Helotiales	Helotiaceae	Phaeohelotium	NotAssigned
OTU282	Fungi	Glomeromycota	Glomeromycetes	Glomerales	Glomeraceae	Rhizophagus	Rhizophagus irregularis
OTU283	Fungi	Glomeromycota	Glomeromycetes	NotAssigned	NotAssigned	yNotAssigned	NotAssigned
OTU284	Fungi	Glomeromycota	Glomeromycetes	Glomerales	Glomeraceae	yNotAssigned	NotAssigned
OTU285	Fungi	Glomeromycota	Glomeromycetes	Glomerales	Glomeraceae	yNotAssigned	NotAssigned
OTU286	Fungi	Basidiomycota	Agaricomycetes	Tremellodendropsidales	NotAssigned	yNotAssigned	NotAssigned
OTU287	Fungi	Ascomycota	Leotiomycetes	Helotiales	NotAssigned	yNotAssigned	NotAssigned
OTU288	Fungi	Ascomycota	Leotiomycetes	Helotiales	Helotiaceae	Phaeohelotium	NotAssigned
OTU289	Fungi	Ascomycota	NotAssigned	NotAssigned	NotAssigned	yNotAssigned	NotAssigned
OTU290	Fungi	Ascomycota	Sordariomycetes	Microascales	Microascaceae	Cephalotrichum	Cephalotrichum NotAssignednum
OTU291	Fungi	Ascomycota	Dothideomycetes	Pleosporales	Cucurbitariaceae	Cucurbitaria	Cucurbitaria oromediterranea
OTU292	Fungi	Ascomycota	Dothideomycetes	Dothideomycetes ord Incertae sedis	NotAssigned	yNotAssigned	NotAssigned
OTU293	Fungi	Ascomycota	Sordariomycetes	Xylariales	Xylariaceae	Entosordaria	Entosordaria querciNotAssigned
OTU294	Fungi	NotAssigned	NotAssigned	NotAssigned	NotAssigned	yNotAssigned	NotAssigned
OTU295	Fungi	Ascomycota	Leotiomycetes	Helotiales	Helotiaceae	Phaeohelotium	NotAssigned
OTU296	Fungi	Ascomycota	Eurotiomycetes	Chaetothyriales	Herpotrichiellaceae	Exophiala	Exophiala equiNotAssigned
OTU297	NotAssigned	NotAssigned	NotAssigned	NotAssigned	NotAssigned	yNotAssigned	NotAssigned
OTU298	Fungi	Basidiomycota	Agaricomycetes	Agaricales	Psathyrellaceae	Psathyrella	Psathyrella marquaNotAssigned
OTU299	Fungi	Ascomycota	Leotiomycetes	Helotiales	Helotiaceae	Phaeohelotium	NotAssigned
OTU300	Fungi	Basidiomycota	Agaricomycetes	Agaricales	Psathyrellaceae	Coprinopsis	Coprinopsis vermiculifer
OTU301	NotAssigned	NotAssigned	NotAssigned	NotAssigned	NotAssigned	yNotAssigned	NotAssigned
OTU302	Fungi	Ascomycota	Leotiomycetes	Helotiales	NotAssigned	yNotAssigned	NotAssigned
OTU303	NotAssigned	NotAssigned	NotAssigned	NotAssigned	NotAssigned	yNotAssigned	NotAssigned
OTU304	Fungi	Basidiomycota	Agaricomycetes	Agaricales	Strophariaceae	GaleriyNotAssigned	GaleriNotAssigned margiNotAssignedta
OTU305	Fungi	Ascomycota	Leotiomycetes	Helotiales	Helotiaceae	Phaeohelotium	NotAssigned
OTU306	Fungi	Ascomycota	Leotiomycetes	Helotiales	Helotiaceae	Claussenomyces	NotAssigned
OTU307	Fungi	Ascomycota	Leotiomycetes	Helotiales	Helotiaceae	Phaeohelotium	NotAssigned
OTU308	Fungi	Basidiomycota	Cystobasidiomycetes	Cystobasidiales	Cystobasidiaceae	Cystobasidium	NotAssigned
OTU309	Fungi	NotAssigned	NotAssigned	NotAssigned	NotAssigned	yNotAssigned	NotAssigned
OTU310	Fungi	Ascomycota	Leotiomycetes	Helotiales	Helotiaceae	Phaeohelotium	NotAssigned
OTU311	Fungi	NotAssigned	NotAssigned	NotAssigned	NotAssigned	yNotAssigned	NotAssigned
OTU312	Fungi	Ascomycota	Leotiomycetes	Helotiales	Helotiaceae	Phaeohelotium	NotAssigned
OTU313	Fungi	Basidiomycota	Agaricomycetes	Agaricales	Entolomataceae	Clitopilus	NotAssigned
OTU314	Fungi	Ascomycota	Leotiomycetes	Helotiales	Helotiaceae	Phaeohelotium	NotAssigned
OTU315	Fungi	Ascomycota	NotAssigned	NotAssigned	NotAssigned	yNotAssigned	NotAssigned
OTU316	Fungi	Ascomycota	Leotiomycetes	Helotiales	Helotiaceae	Phaeohelotium	NotAssigned
OTU317	Fungi	Ascomycota	Leotiomycetes	Helotiales	Helotiaceae	Phaeohelotium	NotAssigned
OTU318	Fungi	Glomeromycota	Glomeromycetes	Glomerales	Claroideoglomeraceae	Claroideoglomus	NotAssigned
OTU319	Fungi	Ascomycota	Pezizomycetes	Pezizales	Pyronemataceae	yNotAssigned	NotAssigned
OTU320	Fungi	Ascomycota	Leotiomycetes	Helotiales	Helotiaceae	Phaeohelotium	NotAssigned
OTU321	Fungi	Ascomycota	Dothideomycetes	Dothideales	Aureobasidiaceae	yNotAssigned	NotAssigned
OTU322	Fungi	Basidiomycota	Agaricomycetes	Cantharellales	Tulasnellaceae	Tulasnella	NotAssigned
OTU323	Fungi	Ascomycota	Leotiomycetes	Helotiales	Helotiaceae	Phaeohelotium	NotAssigned
OTU324	Fungi	Ascomycota	NotAssigned	NotAssigned	NotAssigned	yNotAssigned	NotAssigned
OTU325	Fungi	Ascomycota	Leotiomycetes	Helotiales	Helotiaceae	Phaeohelotium	NotAssigned
OTU326	Fungi	Basidiomycota	Tremellomycetes	Tremellales	NotAssigned	yNotAssigned	NotAssigned
OTU327	Fungi	Ascomycota	Leotiomycetes	Helotiales	Helotiaceae	Heyderia	NotAssigned
OTU328	Fungi	Basidiomycota	Agaricomycetes	NotAssigned	NotAssigned	yNotAssigned	NotAssigned
OTU329	Fungi	Glomeromycota	Paraglomeromycetes	Paraglomerales	Paraglomeraceae	Paraglomus	Paraglomus laccatum
OTU330	Fungi	Glomeromycota	Glomeromycetes	Glomerales	Glomeraceae	yNotAssigned	NotAssigned
OTU331	Fungi	Ascomycota	Dothideomycetes	Minutisphaerales	Minutisphaeraceae	Minutisphaera	NotAssigned
OTU332	Fungi	Ascomycota	Dothideomycetes	Pleosporales	Pleosporaceae	AlteryNotAssignedria	AlterNotAssignedria thalictrigeNotAssigned
OTU333	Fungi	Ascomycota	NotAssigned	NotAssigned	NotAssigned	yNotAssigned	NotAssigned
OTU334	Fungi	Ascomycota	Leotiomycetes	Helotiales	Helotiaceae	Phaeohelotium	NotAssigned
OTU335	NotAssigned	NotAssigned	NotAssigned	NotAssigned	NotAssigned	yNotAssigned	NotAssigned
OTU336	Fungi	Ascomycota	Pezizomycetes	Pezizales	Pezizaceae	Peziza	NotAssigned
OTU337	NotAssigned	NotAssigned	NotAssigned	NotAssigned	NotAssigned	yNotAssigned	NotAssigned
OTU338	Fungi	Basidiomycota	Agaricomycetes	SebaciNotAssignedles	NotAssigned	yNotAssigned	NotAssigned
OTU339	Fungi	Glomeromycota	Glomeromycetes	Glomerales	Glomeraceae	yNotAssigned	NotAssigned
OTU340	Fungi	Ascomycota	Leotiomycetes	Helotiales	Helotiaceae	Phaeohelotium	NotAssigned
OTU341	Fungi	Ascomycota	Leotiomycetes	Helotiales	Helotiaceae	Phaeohelotium	NotAssigned
OTU342	Fungi	NotAssigned	NotAssigned	NotAssigned	NotAssigned	yNotAssigned	NotAssigned
OTU343	Fungi	Basidiomycota	Agaricomycetes	Agaricales	Psathyrellaceae	Psathyrella	Psathyrella merdicola
OTU344	Fungi	Ascomycota	Dothideomycetes	Pleosporales	NotAssigned	yNotAssigned	NotAssigned
OTU345	Fungi	Ascomycota	Leotiomycetes	Helotiales	Helotiaceae	Phaeohelotium	NotAssigned
OTU346	Fungi	Ascomycota	Leotiomycetes	Helotiales	Helotiaceae	Phaeohelotium	NotAssigned
OTU347	Fungi	Ascomycota	Leotiomycetes	Helotiales	Helotiaceae	Phaeohelotium	NotAssigned
OTU348	Fungi	Glomeromycota	Glomeromycetes	Glomerales	Glomeraceae	yNotAssigned	NotAssigned
OTU349	Fungi	Basidiomycota	Agaricomycetes	Agaricales	Psathyrellaceae	Psathyrella	Psathyrella marquaNotAssigned
OTU350	Fungi	Ascomycota	Leotiomycetes	Helotiales	Helotiaceae	Phaeohelotium	NotAssigned
OTU351	Fungi	Glomeromycota	Glomeromycetes	Glomerales	Glomeraceae	yNotAssigned	NotAssigned
OTU352	Fungi	Glomeromycota	NotAssigned	NotAssigned	NotAssigned	yNotAssigned	NotAssigned
OTU353	Fungi	Ascomycota	Pezizomycetes	Pezizales	Pyronemataceae	Cheilymenia	Cheilymenia stercorea
OTU354	Fungi	Ascomycota	Leotiomycetes	Helotiales	NotAssigned	yNotAssigned	NotAssigned
OTU355	Fungi	Glomeromycota	Glomeromycetes	Glomerales	Claroideoglomeraceae	Claroideoglomus	NotAssigned
OTU356	Fungi	Ascomycota	Leotiomycetes	Helotiales	Helotiaceae	Phaeohelotium	NotAssigned
OTU357	Fungi	Basidiomycota	Agaricomycetes	Auriculariales	NotAssigned	yNotAssigned	NotAssigned
OTU358	Fungi	Ascomycota	Leotiomycetes	Helotiales	NotAssigned	yNotAssigned	NotAssigned
OTU359	Fungi	Ascomycota	Eurotiomycetes	Chaetothyriales	NotAssigned	yNotAssigned	NotAssigned
OTU360	NotAssigned	NotAssigned	NotAssigned	NotAssigned	NotAssigned	yNotAssigned	NotAssigned
OTU361	Fungi	Ascomycota	Leotiomycetes	Helotiales	Helotiaceae	Heyderia	NotAssigned
OTU362	NotAssigned	NotAssigned	NotAssigned	NotAssigned	NotAssigned	yNotAssigned	NotAssigned
OTU363	Fungi	Ascomycota	Dothideomycetes	Pleosporales	Cucurbitariaceae	Pyrenochaeta	NotAssigned
OTU364	Fungi	Basidiomycota	Agaricomycetes	SebaciNotAssignedles	NotAssigned	yNotAssigned	NotAssigned
OTU365	Fungi	Ascomycota	Leotiomycetes	Helotiales	Helotiaceae	Phaeohelotium	NotAssigned
OTU366	Fungi	Mortierellomycota	NotAssigned	NotAssigned	NotAssigned	yNotAssigned	NotAssigned
OTU367	Fungi	Chytridiomycota	Lobulomycetes	Lobulomycetales	NotAssigned	yNotAssigned	NotAssigned
OTU368	Fungi	Basidiomycota	Agaricomycetes	Russulales	Russulaceae	Lactarius	Lactarius hatsudake
OTU369	Fungi	Glomeromycota	Glomeromycetes	Glomerales	Glomeraceae	Rhizophagus	Rhizophagus irregularis
OTU370	Fungi	Ascomycota	Saccharomycetes	Saccharomycetales	Saccharomycetales fam Incertae sedis	Candida	Candida kruisii
OTU371	Fungi	Basidiomycota	Agaricomycetes	Agaricales	Inocybaceae	Inocybe	NotAssigned
OTU372	Fungi	Ascomycota	Dothideomycetes	Pleosporales	Cucurbitariaceae	Cucurbitaria	Cucurbitaria oromediterranea
OTU373	Fungi	Glomeromycota	Glomeromycetes	Glomerales	Glomeraceae	Glomus	NotAssigned
OTU374	Fungi	Ascomycota	Leotiomycetes	Helotiales	Helotiaceae	Phaeohelotium	NotAssigned
OTU375	Fungi	Ascomycota	Dothideomycetes	Capnodiales	Mycosphaerellaceae	Pseudocercospora	Pseudocercospora vassobiae
OTU376	Fungi	Ascomycota	Leotiomycetes	Helotiales	Helotiaceae	Phaeohelotium	NotAssigned
OTU377	Fungi	Ascomycota	Leotiomycetes	Helotiales	Helotiaceae	Phaeohelotium	NotAssigned
OTU378	Fungi	Ascomycota	Pezizomycetes	Pezizales	Pyronemataceae	Cheilymenia	Cheilymenia stercorea
OTU379	Fungi	Basidiomycota	Tremellomycetes	TrichosporoNotAssignedles	Tetragoniomycetaceae	Cryptotrichosporon	Cryptotrichosporon tibetense
OTU380	Fungi	Basidiomycota	Agaricomycetes	Auriculariales	NotAssigned	yNotAssigned	NotAssigned
OTU381	Fungi	Basidiomycota	Tremellomycetes	Tremellales	Bulleribasidiaceae	Vishniacozyma	NotAssigned
OTU382	Fungi	Basidiomycota	Agaricomycetes	Agaricales	Bolbitiaceae	Conocybe	NotAssigned
OTU383	Fungi	Basidiomycota	Tremellomycetes	TrichosporoNotAssignedles	Tetragoniomycetaceae	Cryptotrichosporon	Cryptotrichosporon tibetense
OTU384	Fungi	Glomeromycota	Glomeromycetes	Diversisporales	Diversisporaceae	Diversispora	NotAssigned
OTU385	Fungi	Ascomycota	Leotiomycetes	Helotiales	Helotiaceae	Phaeohelotium	NotAssigned
OTU386	Fungi	Basidiomycota	Agaricomycetes	Cantharellales	Ceratobasidiaceae	yNotAssigned	NotAssigned
OTU387	Fungi	Basidiomycota	Tremellomycetes	Tremellales	Bulleribasidiaceae	Vishniacozyma	Vishniacozyma taibaiensis
OTU388	Fungi	Ascomycota	Leotiomycetes	Helotiales	Helotiaceae	Phaeohelotium	NotAssigned
OTU389	Fungi	Ascomycota	Leotiomycetes	Helotiales	Helotiaceae	Phaeohelotium	NotAssigned
OTU390	Fungi	Ascomycota	Leotiomycetes	Helotiales	Helotiaceae	Phaeohelotium	NotAssigned
OTU391	Fungi	Ascomycota	NotAssigned	NotAssigned	NotAssigned	yNotAssigned	NotAssigned
OTU392	Fungi	Basidiomycota	Tremellomycetes	Tremellales	Tremellaceae	Cryptococcus	NotAssigned
OTU393	Fungi	Ascomycota	Leotiomycetes	Helotiales	Helotiaceae	Phaeohelotium	NotAssigned
OTU394	NotAssigned	NotAssigned	NotAssigned	NotAssigned	NotAssigned	yNotAssigned	NotAssigned
OTU395	NotAssigned	NotAssigned	NotAssigned	NotAssigned	NotAssigned	yNotAssigned	NotAssigned
OTU396	Fungi	Ascomycota	Leotiomycetes	Helotiales	Helotiaceae	Phaeohelotium	NotAssigned
OTU397	NotAssigned	NotAssigned	NotAssigned	NotAssigned	NotAssigned	yNotAssigned	NotAssigned
OTU398	Fungi	Ascomycota	Leotiomycetes	Helotiales	Helotiaceae	Phaeohelotium	NotAssigned
OTU399	Fungi	Ascomycota	Leotiomycetes	Helotiales	Helotiaceae	Phaeohelotium	NotAssigned
OTU400	NotAssigned	NotAssigned	NotAssigned	NotAssigned	NotAssigned	yNotAssigned	NotAssigned
OTU401	NotAssigned	NotAssigned	NotAssigned	NotAssigned	NotAssigned	yNotAssigned	NotAssigned
OTU402	Fungi	Ascomycota	Leotiomycetes	Helotiales	Helotiaceae	Phaeohelotium	NotAssigned
OTU403	Fungi	Glomeromycota	Glomeromycetes	Glomerales	Glomeraceae	yNotAssigned	NotAssigned
OTU404	Fungi	Ascomycota	Leotiomycetes	Helotiales	Helotiaceae	Phaeohelotium	NotAssigned
OTU405	Fungi	Ascomycota	Saccharomycetes	Saccharomycetales	Saccharomycodaceae	Hanseniaspora	NotAssigned
OTU406	Fungi	Ascomycota	Dothideomycetes	Pleosporales	Pleosporaceae	Curvularia	Curvularia petersonii
OTU407	Fungi	Basidiomycota	Cystobasidiomycetes	Erythrobasidiales	NotAssigned	yNotAssigned	NotAssigned
OTU408	NotAssigned	NotAssigned	NotAssigned	NotAssigned	NotAssigned	yNotAssigned	NotAssigned
OTU409	Fungi	Ascomycota	Leotiomycetes	Helotiales	Helotiaceae	Phaeohelotium	NotAssigned
OTU410	NotAssigned	NotAssigned	NotAssigned	NotAssigned	NotAssigned	yNotAssigned	NotAssigned
OTU411	Fungi	Ascomycota	Leotiomycetes	Helotiales	NotAssigned	yNotAssigned	NotAssigned
OTU412	NotAssigned	NotAssigned	NotAssigned	NotAssigned	NotAssigned	yNotAssigned	NotAssigned
OTU413	Fungi	Basidiomycota	Agaricomycetes	Cantharellales	Tulasnellaceae	Tulasnella	NotAssigned
OTU414	Fungi	Ascomycota	NotAssigned	NotAssigned	NotAssigned	yNotAssigned	NotAssigned
OTU415	Fungi	Ascomycota	Leotiomycetes	Helotiales	NotAssigned	yNotAssigned	NotAssigned
OTU416	Fungi	Basidiomycota	Agaricomycetes	Cantharellales	Ceratobasidiaceae	yNotAssigned	NotAssigned
OTU417	Fungi	Ascomycota	Orbiliomycetes	Orbiliales	Orbiliales fam Incertae sedis	Vermispora	Vermispora spermatophaga
OTU418	Fungi	Ascomycota	Leotiomycetes	Helotiales	Helotiaceae	Phaeohelotium	NotAssigned
OTU419	Fungi	Basidiomycota	Agaricomycetes	Cantharellales	Tulasnellaceae	Tulasnella	NotAssigned
OTU420	NotAssigned	NotAssigned	NotAssigned	NotAssigned	NotAssigned	yNotAssigned	NotAssigned
OTU421	Fungi	Ascomycota	Leotiomycetes	Helotiales	Helotiaceae	Phaeohelotium	NotAssigned
OTU422	Fungi	Ascomycota	Leotiomycetes	Helotiales	Helotiaceae	Phaeohelotium	NotAssigned
OTU423	Fungi	Ascomycota	Leotiomycetes	Helotiales	Helotiaceae	Phaeohelotium	NotAssigned
OTU424	Fungi	Basidiomycota	Tremellomycetes	Tremellales	Rhynchogastremataceae	Papiliotrema	Papiliotrema odontotermitis
OTU425	NotAssigned	NotAssigned	NotAssigned	NotAssigned	NotAssigned	yNotAssigned	NotAssigned
OTU426	Fungi	Ascomycota	Leotiomycetes	Helotiales	Helotiaceae	Phaeohelotium	NotAssigned
OTU427	Fungi	Basidiomycota	Agaricomycetes	SebaciNotAssignedles	SebaciNotAssignedceae	yNotAssigned	NotAssigned
OTU428	Fungi	Ascomycota	Leotiomycetes	Helotiales	Helotiaceae	Phaeohelotium	NotAssigned
OTU429	Fungi	Ascomycota	Leotiomycetes	Helotiales	Helotiaceae	Phaeohelotium	NotAssigned
OTU430	Fungi	Ascomycota	Leotiomycetes	Helotiales	Helotiaceae	Phaeohelotium	NotAssigned
OTU431	NotAssigned	NotAssigned	NotAssigned	NotAssigned	NotAssigned	yNotAssigned	NotAssigned
OTU432	NotAssigned	NotAssigned	NotAssigned	NotAssigned	NotAssigned	yNotAssigned	NotAssigned
OTU433	NotAssigned	NotAssigned	NotAssigned	NotAssigned	NotAssigned	yNotAssigned	NotAssigned
OTU434	Fungi	Ascomycota	Dothideomycetes	NotAssigned	NotAssigned	yNotAssigned	NotAssigned
OTU435	Fungi	Ascomycota	Leotiomycetes	Helotiales	Helotiaceae	Phaeohelotium	NotAssigned
OTU436	Fungi	Ascomycota	Dothideomycetes	Pleosporales	Pleosporaceae	AlteryNotAssignedria	AlterNotAssignedria thalictrigeNotAssigned
OTU437	Fungi	Basidiomycota	Agaricostilbomycetes	Agaricostilbales	Ruineniaceae	Ruinenia	Ruinenia clavata
OTU438	Fungi	Ascomycota	Leotiomycetes	Helotiales	Helotiaceae	Phaeohelotium	NotAssigned
OTU439	Fungi	Ascomycota	Leotiomycetes	Helotiales	Helotiaceae	Phaeohelotium	NotAssigned
OTU440	Fungi	Glomeromycota	Glomeromycetes	Glomerales	Glomeraceae	Funneliformis	Funneliformis mosseae
OTU441	Fungi	Glomeromycota	Glomeromycetes	Glomerales	Claroideoglomeraceae	Claroideoglomus	Claroideoglomus lamellosum
