"Kingdom"	"Phylum"	"Class"	"Order"	"Family"	"Genus"	"Species"
"OTU1"	"Fungi"	"Ascomycota"	"Leotiomycetes"	"Helotiales"	NA	NA	NA
"OTU2"	"Fungi"	"Glomeromycota"	"Glomeromycetes"	"Glomerales"	"Glomeraceae"	"Rhizophagus"	"Rhizophagus_irregularis"
"OTU3"	"Fungi"	"Glomeromycota"	"Glomeromycetes"	"Glomerales"	"Glomeraceae"	"Funneliformis"	"Funneliformis_mosseae"
"OTU4"	"Fungi"	"Glomeromycota"	"Glomeromycetes"	"Glomerales"	"Glomeraceae"	"Funneliformis"	"Funneliformis_mosseae"
"OTU5"	"Fungi"	"Glomeromycota"	"Glomeromycetes"	"Glomerales"	"Glomeraceae"	"Funneliformis"	NA
"OTU6"	"Fungi"	"Ascomycota"	NA	NA	NA	NA	NA
"OTU7"	"Fungi"	"Glomeromycota"	"Glomeromycetes"	"Glomerales"	"Glomeraceae"	"Rhizophagus"	"Rhizophagus_irregularis"
"OTU8"	"Fungi"	"Glomeromycota"	"Glomeromycetes"	"Glomerales"	"Glomeraceae"	"Septoglomus"	NA
"OTU9"	"Fungi"	"Glomeromycota"	"Glomeromycetes"	"Glomerales"	"Glomeraceae"	"Rhizophagus"	"Rhizophagus_irregularis"
"OTU10"	"Fungi"	"Glomeromycota"	"Glomeromycetes"	"Glomerales"	"Glomeraceae"	"Funneliformis"	"Funneliformis_mosseae"
"OTU11"	"Fungi"	"Glomeromycota"	"Glomeromycetes"	"Glomerales"	"Glomeraceae"	NA	NA
"OTU12"	"Fungi"	"Basidiomycota"	"Agaricomycetes"	"Agaricales"	"Inocybaceae"	"Inocybe"	NA
"OTU13"	"Fungi"	"Glomeromycota"	"Glomeromycetes"	"Glomerales"	"Glomeraceae"	"Rhizophagus"	"Rhizophagus_irregularis"
"OTU14"	"Fungi"	"Glomeromycota"	"Glomeromycetes"	"Glomerales"	"Glomeraceae"	NA	NA
"OTU15"	"Fungi"	"Glomeromycota"	"Glomeromycetes"	"Glomerales"	"Glomeraceae"	"Funneliformis"	"Funneliformis_caledonium"
"OTU16"	"Fungi"	"Glomeromycota"	"Glomeromycetes"	"Glomerales"	"Claroideoglomeraceae"	NA	NA
"OTU17"	"Fungi"	"Glomeromycota"	"Glomeromycetes"	"Glomerales"	"Glomeraceae"	NA	NA
"OTU18"	"Fungi"	"Basidiomycota"	"Agaricomycetes"	"Agaricales"	"Cortinariaceae"	"Cortinarius"	"Cortinarius_bivelus"
"OTU19"	"Fungi"	"Glomeromycota"	"Glomeromycetes"	"Glomerales"	"Glomeraceae"	"Septoglomus"	"Septoglomus_viscosum"
"OTU20"	"Fungi"	"Glomeromycota"	"Glomeromycetes"	"Glomerales"	"Glomeraceae"	"Rhizophagus"	"Rhizophagus_irregularis"
"OTU21"	"Fungi"	"Ascomycota"	"Saccharomycetes"	"Saccharomycetales"	"Saccharomycetales_fam_Incertae_sedis"	"Candida"	NA
"OTU22"	"Fungi"	"Glomeromycota"	"Glomeromycetes"	"Glomerales"	"Glomeraceae"	"Funneliformis"	"Funneliformis_caledonium"
"OTU23"	"Fungi"	"Glomeromycota"	"Glomeromycetes"	"Glomerales"	"Glomeraceae"	NA	NA
"OTU24"	"Fungi"	"Glomeromycota"	"Glomeromycetes"	"Glomerales"	"Glomeraceae"	"Dominikia"	"Dominikia_aurea"
"OTU25"	"Fungi"	"Glomeromycota"	"Glomeromycetes"	"Glomerales"	"Glomeraceae"	"Septoglomus"	NA
"OTU26"	NA	NA	NA	NA	NA	NA	NA
"OTU27"	"Fungi"	"Glomeromycota"	"Glomeromycetes"	"Glomerales"	"Glomeraceae"	NA	NA
"OTU28"	"Fungi"	"Glomeromycota"	"Glomeromycetes"	"Glomerales"	"Glomeraceae"	NA	NA
"OTU29"	NA	NA	NA	NA	NA	NA	NA
"OTU30"	"Fungi"	"Glomeromycota"	"Glomeromycetes"	"Glomerales"	"Claroideoglomeraceae"	"Claroideoglomus"	"Claroideoglomus_lamellosum"
"OTU31"	NA	NA	NA	NA	NA	NA	NA
"OTU32"	"Fungi"	"Glomeromycota"	"Glomeromycetes"	"Glomerales"	"Glomeraceae"	NA	NA
"OTU33"	"Fungi"	"Glomeromycota"	"Glomeromycetes"	"Glomerales"	"Glomeraceae"	"Septoglomus"	"Septoglomus_viscosum"
"OTU34"	"Fungi"	"Glomeromycota"	"Glomeromycetes"	"Glomerales"	"Claroideoglomeraceae"	NA	NA
"OTU35"	"Fungi"	"Ascomycota"	"Leotiomycetes"	"Helotiales"	"Helotiaceae"	"Phaeohelotium"	NA
"OTU36"	"Fungi"	"Glomeromycota"	"Glomeromycetes"	"Glomerales"	"Glomeraceae"	"Glomus"	NA
"OTU37"	"Fungi"	"Glomeromycota"	"Glomeromycetes"	"Glomerales"	"Glomeraceae"	"Funneliformis"	"Funneliformis_caledonium"
"OTU38"	NA	NA	NA	NA	NA	NA	NA
"OTU39"	"Fungi"	"Glomeromycota"	"Glomeromycetes"	"Glomerales"	"Glomeraceae"	"Septoglomus"	"Septoglomus_constrictum"
"OTU40"	"Fungi"	"Glomeromycota"	"Paraglomeromycetes"	"Paraglomerales"	NA	NA	NA
"OTU41"	"Fungi"	"Glomeromycota"	"Glomeromycetes"	"Glomerales"	"Glomeraceae"	"Dominikia"	NA
"OTU42"	"Fungi"	"Glomeromycota"	"Paraglomeromycetes"	"Paraglomerales"	"Paraglomeraceae"	"Paraglomus"	"Paraglomus_laccatum"
"OTU43"	"Fungi"	"Glomeromycota"	"Glomeromycetes"	"Glomerales"	"Glomeraceae"	"Septoglomus"	NA
"OTU44"	"Fungi"	"Glomeromycota"	"Glomeromycetes"	"Glomerales"	"Glomeraceae"	"Funneliformis"	"Funneliformis_mosseae"
"OTU45"	"Fungi"	"Glomeromycota"	"Glomeromycetes"	"Glomerales"	"Claroideoglomeraceae"	NA	NA
"OTU46"	"Fungi"	"Glomeromycota"	"Glomeromycetes"	"Glomerales"	"Glomeraceae"	"Rhizophagus"	"Rhizophagus_irregularis"
"OTU47"	NA	NA	NA	NA	NA	NA	NA
"OTU48"	"Fungi"	"Glomeromycota"	"Glomeromycetes"	"Glomerales"	"Claroideoglomeraceae"	"Claroideoglomus"	"Claroideoglomus_lamellosum"
"OTU49"	"Fungi"	"Basidiomycota"	"Agaricomycetes"	"Agaricales"	"Cortinariaceae"	"Cortinarius"	"Cortinarius_saturninus"
"OTU50"	"Fungi"	"Basidiomycota"	"Tremellomycetes"	NA	NA	NA	NA
"OTU51"	"Fungi"	"Glomeromycota"	"Glomeromycetes"	"Glomerales"	"Glomeraceae"	"Septoglomus"	"Septoglomus_jasnowskae"
"OTU52"	NA	NA	NA	NA	NA	NA	NA
"OTU53"	"Fungi"	"Glomeromycota"	"Glomeromycetes"	"Glomerales"	"Claroideoglomeraceae"	NA	NA
"OTU54"	"Fungi"	"Glomeromycota"	"Glomeromycetes"	"Glomerales"	"Glomeraceae"	NA	NA
"OTU55"	"Fungi"	"Glomeromycota"	"Glomeromycetes"	"Glomerales"	"Glomeraceae"	"Dominikia"	"Dominikia_iranica"
"OTU56"	"Fungi"	"Ascomycota"	"Pezizomycotina_cls_Incertae_sedis"	"Pezizomycotina_ord_Incertae_sedis"	"Pezizomycotina_fam_Incertae_sedis"	"Ciliophora"	NA
"OTU57"	"Fungi"	"Ascomycota"	"Eurotiomycetes"	"Eurotiales"	"Aspergillaceae"	"Penicillium"	"Penicillium_citrinum"
"OTU58"	"Fungi"	"Glomeromycota"	"Glomeromycetes"	"Glomerales"	"Glomeraceae"	NA	NA
"OTU59"	"Fungi"	"Glomeromycota"	"Glomeromycetes"	"Glomerales"	"Glomeraceae"	"Dominikia"	NA
"OTU60"	"Fungi"	"Ascomycota"	"Pezizomycotina_cls_Incertae_sedis"	"Pezizomycotina_ord_Incertae_sedis"	"Pezizomycotina_fam_Incertae_sedis"	"Ciliophora"	NA
"OTU61"	"Fungi"	"Glomeromycota"	"Glomeromycetes"	"Diversisporales"	"Diversisporaceae"	NA	NA
"OTU62"	"Fungi"	"Glomeromycota"	"Glomeromycetes"	"Glomerales"	"Glomeraceae"	"Rhizophagus"	"Rhizophagus_irregularis"
"OTU63"	"Fungi"	"Glomeromycota"	"Glomeromycetes"	"Glomerales"	"Glomeraceae"	NA	NA
"OTU64"	"Fungi"	"Ascomycota"	"Leotiomycetes"	"Helotiales"	"Helotiaceae"	"Phaeohelotium"	NA
"OTU65"	"Fungi"	"Glomeromycota"	"Glomeromycetes"	"Glomerales"	"Glomeraceae"	"Septoglomus"	"Septoglomus_constrictum"
"OTU66"	"Fungi"	"Glomeromycota"	"Glomeromycetes"	"Glomerales"	"Glomeraceae"	"Rhizophagus"	"Rhizophagus_irregularis"
"OTU67"	"Fungi"	"Glomeromycota"	"Glomeromycetes"	"Glomerales"	"Glomeraceae"	NA	NA
"OTU68"	"Fungi"	"Glomeromycota"	NA	NA	NA	NA	NA
"OTU69"	"Fungi"	"Glomeromycota"	"Glomeromycetes"	"Glomerales"	"Glomeraceae"	NA	NA
"OTU70"	"Fungi"	"Glomeromycota"	"Glomeromycetes"	"Glomerales"	"Glomeraceae"	NA	NA
"OTU71"	"Fungi"	"Glomeromycota"	"Glomeromycetes"	"Diversisporales"	"Diversisporaceae"	"Diversispora"	NA
"OTU72"	"Fungi"	"Glomeromycota"	"Glomeromycetes"	"Glomerales"	"Glomeraceae"	"Funneliformis"	"Funneliformis_mosseae"
"OTU73"	"Fungi"	"Glomeromycota"	"Glomeromycetes"	"Glomerales"	"Glomeraceae"	NA	NA
"OTU74"	"Fungi"	"Glomeromycota"	"Glomeromycetes"	"Glomerales"	"Glomeraceae"	NA	NA
"OTU75"	"Fungi"	"Basidiomycota"	"Agaricomycetes"	"Agaricales"	"Cortinariaceae"	"Cortinarius"	NA
"OTU76"	NA	NA	NA	NA	NA	NA	NA
"OTU77"	"Fungi"	"Ascomycota"	NA	NA	NA	NA	NA
"OTU78"	"Fungi"	"Glomeromycota"	"Glomeromycetes"	"Glomerales"	"Glomeraceae"	"Funneliformis"	"Funneliformis_mosseae"
"OTU79"	"Fungi"	"Ascomycota"	"Sordariomycetes"	NA	NA	NA	NA
"OTU80"	"Fungi"	"Glomeromycota"	"Glomeromycetes"	"Glomerales"	"Glomeraceae"	"Glomus"	NA
"OTU81"	NA	NA	NA	NA	NA	NA	NA
"OTU82"	"Fungi"	"Glomeromycota"	"Glomeromycetes"	"Glomerales"	"Glomeraceae"	"Rhizophagus"	"Rhizophagus_irregularis"
"OTU83"	NA	NA	NA	NA	NA	NA	NA
"OTU84"	"Fungi"	"Glomeromycota"	"Glomeromycetes"	"Glomerales"	"Glomeraceae"	"Rhizophagus"	"Rhizophagus_irregularis"
"OTU85"	"Fungi"	"Basidiomycota"	"Agaricomycetes"	"Agaricales"	"Nidulariaceae"	"Cyathus"	"Cyathus_stercoreus"
"OTU86"	"Fungi"	"Ascomycota"	"Leotiomycetes"	"Helotiales"	"Helotiaceae"	"Phaeohelotium"	NA
"OTU87"	NA	NA	NA	NA	NA	NA	NA
"OTU88"	NA	NA	NA	NA	NA	NA	NA
"OTU89"	"Fungi"	"Ascomycota"	"Dothideomycetes"	"Capnodiales"	"Cladosporiaceae"	"Toxicocladosporium"	"Toxicocladosporium_irritans"
"OTU90"	"Fungi"	"Glomeromycota"	"Glomeromycetes"	"Glomerales"	"Glomeraceae"	"Dominikia"	NA
"OTU91"	"Fungi"	"Ascomycota"	"Leotiomycetes"	"Helotiales"	"Helotiaceae"	"Phaeohelotium"	NA
"OTU92"	"Fungi"	"Glomeromycota"	"Glomeromycetes"	"Glomerales"	"Glomeraceae"	"Dominikia"	NA
"OTU93"	"Fungi"	"Glomeromycota"	"Glomeromycetes"	"Glomerales"	"Glomeraceae"	NA	NA
"OTU94"	"Fungi"	"Glomeromycota"	"Glomeromycetes"	"Glomerales"	"Glomeraceae"	"Funneliformis"	"Funneliformis_mosseae"
"OTU95"	"Fungi"	"Glomeromycota"	"Glomeromycetes"	"Diversisporales"	"Diversisporaceae"	"Diversispora"	NA
"OTU96"	"Fungi"	"Ascomycota"	"Dothideomycetes"	"Pleosporales"	"Cucurbitariaceae"	"Pyrenochaeta"	NA
"OTU97"	NA	NA	NA	NA	NA	NA	NA
"OTU98"	"Fungi"	"Basidiomycota"	"Agaricomycetes"	"Cantharellales"	"Ceratobasidiaceae"	NA	NA
"OTU99"	"Fungi"	"Olpidiomycota"	"Olpidiomycetes"	"Olpidiales"	"Olpidiaceae"	"Olpidium"	"Olpidium_brassicae"
"OTU100"	"Fungi"	"Glomeromycota"	"Glomeromycetes"	"Glomerales"	"Glomeraceae"	NA	NA
"OTU101"	"Fungi"	"Ascomycota"	"Eurotiomycetes"	"Verrucariales"	"Verrucariaceae"	"Clavascidium"	NA
"OTU102"	"Fungi"	"Glomeromycota"	"Glomeromycetes"	"Glomerales"	"Claroideoglomeraceae"	"Claroideoglomus"	"Claroideoglomus_hanlinii"
"OTU103"	"Fungi"	"Glomeromycota"	"Glomeromycetes"	"Glomerales"	"Glomeraceae"	"Septoglomus"	"Septoglomus_jasnowskae"
"OTU104"	"Fungi"	"Glomeromycota"	"Glomeromycetes"	"Glomerales"	"Glomeraceae"	"Rhizophagus"	"Rhizophagus_irregularis"
"OTU105"	"Fungi"	"Rozellomycota"	"Rozellomycotina_cls_Incertae_sedis"	"GS10"	NA	NA	NA
"OTU106"	"Fungi"	"Glomeromycota"	"Glomeromycetes"	"Glomerales"	"Glomeraceae"	"Funneliformis"	NA
"OTU107"	"Fungi"	"Glomeromycota"	"Glomeromycetes"	"Glomerales"	"Glomeraceae"	"Glomus"	"Glomus_macrocarpum"
"OTU108"	NA	NA	NA	NA	NA	NA	NA
"OTU109"	"Fungi"	"Glomeromycota"	"Glomeromycetes"	"Glomerales"	"Glomeraceae"	NA	NA
"OTU110"	NA	NA	NA	NA	NA	NA	NA
"OTU111"	"Fungi"	"Ascomycota"	"Leotiomycetes"	"Helotiales"	"Helotiaceae"	"Phaeohelotium"	NA
"OTU112"	"Fungi"	"Glomeromycota"	"Glomeromycetes"	"Glomerales"	"Glomeraceae"	"Rhizophagus"	"Rhizophagus_irregularis"
"OTU113"	"Fungi"	"Glomeromycota"	"Glomeromycetes"	"Glomerales"	"Glomeraceae"	"Dominikia"	"Dominikia_aurea"
"OTU114"	"Fungi"	"Glomeromycota"	"Glomeromycetes"	"Glomerales"	"Glomeraceae"	NA	NA
"OTU115"	"Fungi"	"Glomeromycota"	"Glomeromycetes"	"Glomerales"	"Glomeraceae"	"Dominikia"	"Dominikia_iranica"
"OTU116"	"Fungi"	"Basidiomycota"	"Agaricomycetes"	"Cantharellales"	"Ceratobasidiaceae"	NA	NA
"OTU117"	"Fungi"	"Glomeromycota"	"Glomeromycetes"	"Glomerales"	"Glomeraceae"	"Septoglomus"	"Septoglomus_viscosum"
"OTU118"	"Fungi"	"Ascomycota"	"Leotiomycetes"	"Helotiales"	"Helotiaceae"	"Tympanis"	NA
"OTU119"	"Fungi"	"Glomeromycota"	"Glomeromycetes"	"Glomerales"	"Glomeraceae"	"Funneliformis"	"Funneliformis_mosseae"
"OTU120"	"Fungi"	"Glomeromycota"	"Glomeromycetes"	"Glomerales"	"Glomeraceae"	NA	NA
"OTU121"	"Fungi"	"Ascomycota"	"Leotiomycetes"	"Helotiales"	"Helotiaceae"	"Phaeohelotium"	NA
"OTU122"	"Fungi"	"Ascomycota"	"Dothideomycetes"	"Capnodiales"	"Cladosporiaceae"	"Toxicocladosporium"	"Toxicocladosporium_irritans"
"OTU123"	"Fungi"	"Glomeromycota"	"Glomeromycetes"	"Glomerales"	"Glomeraceae"	"Funneliformis"	"Funneliformis_mosseae"
"OTU124"	"Fungi"	"Ascomycota"	"Sordariomycetes"	"Glomerellales"	"Plectosphaerellaceae"	"Verticillium"	NA
"OTU125"	"Fungi"	"Ascomycota"	"Sordariomycetes"	NA	NA	NA	NA
"OTU126"	NA	NA	NA	NA	NA	NA	NA
"OTU127"	"Fungi"	"Ascomycota"	"Leotiomycetes"	"Helotiales"	"Helotiaceae"	"Phaeohelotium"	NA
"OTU128"	"Fungi"	"Glomeromycota"	"Glomeromycetes"	"Glomerales"	"Glomeraceae"	"Glomus"	NA
"OTU129"	NA	NA	NA	NA	NA	NA	NA
"OTU130"	"Fungi"	"Glomeromycota"	"Glomeromycetes"	"Glomerales"	"Glomeraceae"	"Glomus"	NA
"OTU131"	"Fungi"	"Glomeromycota"	"Glomeromycetes"	"Glomerales"	"Glomeraceae"	NA	NA
"OTU132"	"Fungi"	"Glomeromycota"	"Glomeromycetes"	"Glomerales"	"Glomeraceae"	"Rhizophagus"	"Rhizophagus_irregularis"
"OTU133"	"Fungi"	"Glomeromycota"	"Glomeromycetes"	"Glomerales"	"Claroideoglomeraceae"	"Claroideoglomus"	NA
"OTU134"	"Fungi"	"Glomeromycota"	NA	NA	NA	NA	NA
"OTU135"	"Fungi"	"Glomeromycota"	"Glomeromycetes"	"Glomerales"	"Glomeraceae"	"Rhizophagus"	"Rhizophagus_irregularis"
"OTU136"	"Fungi"	"Basidiomycota"	"Agaricomycetes"	"Agaricales"	"Agaricaceae"	"Leucocoprinus"	NA
"OTU137"	"Fungi"	"Basidiomycota"	"Agaricomycetes"	"Cantharellales"	"Ceratobasidiaceae"	NA	NA
"OTU138"	NA	NA	NA	NA	NA	NA	NA
"OTU139"	"Fungi"	"Ascomycota"	"Leotiomycetes"	"Helotiales"	"Helotiales_fam_Incertae_sedis"	"Mycochaetophora"	"Mycochaetophora_gentianae"
"OTU140"	NA	NA	NA	NA	NA	NA	NA
"OTU141"	"Fungi"	"Glomeromycota"	"Glomeromycetes"	"Glomerales"	"Glomeraceae"	"Dominikia"	NA
"OTU142"	"Fungi"	"Glomeromycota"	"Glomeromycetes"	"Diversisporales"	"Diversisporaceae"	NA	NA
"OTU143"	"Fungi"	"Glomeromycota"	"Glomeromycetes"	"Glomerales"	"Glomeraceae"	"Funneliformis"	"Funneliformis_mosseae"
"OTU144"	"Fungi"	"Glomeromycota"	"Glomeromycetes"	"Glomerales"	"Glomeraceae"	"Glomus"	NA
"OTU145"	NA	NA	NA	NA	NA	NA	NA
"OTU146"	"Fungi"	"Ascomycota"	"Dothideomycetes"	"Pleosporales"	"Didymellaceae"	"Didymella"	NA
"OTU147"	"Fungi"	"Ascomycota"	"Leotiomycetes"	"Helotiales"	"Helotiaceae"	"Phaeohelotium"	NA
"OTU148"	"Fungi"	"Glomeromycota"	"Glomeromycetes"	"Glomerales"	"Glomeraceae"	NA	NA
"OTU149"	"Fungi"	"Glomeromycota"	"Glomeromycetes"	"Glomerales"	"Glomeraceae"	"Glomus"	NA
"OTU150"	NA	NA	NA	NA	NA	NA	NA
"OTU151"	"Fungi"	"Glomeromycota"	"Glomeromycetes"	"Glomerales"	"Glomeraceae"	"Dominikia"	"Dominikia_bernensis"
"OTU152"	"Fungi"	"Glomeromycota"	"Glomeromycetes"	"Glomerales"	"Glomeraceae"	"Dominikia"	NA
"OTU153"	NA	NA	NA	NA	NA	NA	NA
"OTU154"	"Fungi"	"Ascomycota"	"Leotiomycetes"	"Helotiales"	"Helotiaceae"	"Phaeohelotium"	NA
"OTU155"	"Fungi"	"Ascomycota"	"Leotiomycetes"	"Helotiales"	"Helotiaceae"	"Tympanis"	NA
"OTU156"	"Fungi"	"Basidiomycota"	"Malasseziomycetes"	"Malasseziales"	"Malasseziaceae"	"Malassezia"	"Malassezia_restricta"
"OTU157"	"Fungi"	"Ascomycota"	"Leotiomycetes"	"Helotiales"	"Helotiaceae"	"Phaeohelotium"	NA
"OTU158"	"Fungi"	"Glomeromycota"	"Glomeromycetes"	"Glomerales"	"Glomeraceae"	"Funneliformis"	"Funneliformis_mosseae"
"OTU159"	"Fungi"	"Glomeromycota"	"Glomeromycetes"	"Glomerales"	"Glomeraceae"	"Rhizophagus"	"Rhizophagus_irregularis"
"OTU160"	"Fungi"	"Glomeromycota"	"Glomeromycetes"	"Glomerales"	"Glomeraceae"	NA	NA
"OTU161"	"Fungi"	"Glomeromycota"	"Glomeromycetes"	"Glomerales"	NA	NA	NA
"OTU162"	NA	NA	NA	NA	NA	NA	NA
"OTU163"	"Fungi"	"Basidiomycota"	"Agaricomycetes"	"Cantharellales"	"Ceratobasidiaceae"	NA	NA
"OTU164"	"Fungi"	"Ascomycota"	"Leotiomycetes"	"Helotiales"	"Helotiaceae"	"Phaeohelotium"	NA
"OTU165"	"Fungi"	"Basidiomycota"	"Tremellomycetes"	"Tremellales"	"Bulleribasidiaceae"	"Vishniacozyma"	"Vishniacozyma_taibaiensis"
"OTU166"	"Fungi"	NA	NA	NA	NA	NA	NA
"OTU167"	NA	NA	NA	NA	NA	NA	NA
"OTU168"	NA	NA	NA	NA	NA	NA	NA
"OTU169"	"Fungi"	NA	NA	NA	NA	NA	NA
"OTU170"	"Fungi"	"Glomeromycota"	"Glomeromycetes"	"Glomerales"	"Glomeraceae"	"Septoglomus"	"Septoglomus_viscosum"
"OTU171"	"Fungi"	NA	NA	NA	NA	NA	NA
"OTU172"	"Fungi"	"Ascomycota"	"Leotiomycetes"	"Helotiales"	"Helotiaceae"	"Phaeohelotium"	NA
"OTU173"	NA	NA	NA	NA	NA	NA	NA
"OTU174"	"Fungi"	"Ascomycota"	"Leotiomycetes"	"Helotiales"	"Helotiaceae"	"Phaeohelotium"	NA
"OTU175"	"Fungi"	"Basidiomycota"	"Tremellomycetes"	"Cystofilobasidiales"	"Mrakiaceae"	"Mrakia"	"Mrakia_frigida"
"OTU176"	"Fungi"	NA	NA	NA	NA	NA	NA
"OTU177"	NA	NA	NA	NA	NA	NA	NA
"OTU178"	NA	NA	NA	NA	NA	NA	NA
"OTU179"	"Fungi"	"Glomeromycota"	"Glomeromycetes"	"Gigasporales"	"Gigasporaceae"	"Scutellospora"	NA
"OTU180"	NA	NA	NA	NA	NA	NA	NA
"OTU181"	"Fungi"	"Ascomycota"	"Leotiomycetes"	"Helotiales"	"Helotiaceae"	"Phaeohelotium"	NA
"OTU182"	"Fungi"	"Ascomycota"	"Leotiomycetes"	"Helotiales"	"Helotiaceae"	"Phaeohelotium"	NA
"OTU183"	NA	NA	NA	NA	NA	NA	NA
"OTU184"	"Fungi"	"Basidiomycota"	"Tremellomycetes"	"Cystofilobasidiales"	"Mrakiaceae"	"Udeniomyces"	"Udeniomyces_kanasensis"
"OTU185"	"Fungi"	"Glomeromycota"	"Glomeromycetes"	"Glomerales"	"Glomeraceae"	"Funneliformis"	"Funneliformis_caledonium"
"OTU186"	"Fungi"	"Basidiomycota"	"Agaricomycetes"	"Agaricales"	"Psathyrellaceae"	"Coprinopsis"	"Coprinopsis_vermiculifer"
"OTU187"	"Fungi"	"Basidiomycota"	"Agaricomycetes"	NA	NA	NA	NA
"OTU188"	"Fungi"	"Ascomycota"	"Dothideomycetes"	"Pleosporales"	NA	NA	NA
"OTU189"	"Fungi"	"Glomeromycota"	"Glomeromycetes"	"Glomerales"	"Glomeraceae"	"Glomus"	NA
"OTU190"	"Fungi"	NA	NA	NA	NA	NA	NA
"OTU191"	"Fungi"	"Glomeromycota"	"Glomeromycetes"	"Glomerales"	"Glomeraceae"	NA	NA
"OTU192"	"Fungi"	"Ascomycota"	"Dothideomycetes"	"Pleosporales"	"Cucurbitariaceae"	"Pyrenochaeta"	NA
"OTU193"	"Fungi"	"Glomeromycota"	"Glomeromycetes"	"Glomerales"	"Glomeraceae"	"Rhizophagus"	"Rhizophagus_irregularis"
"OTU194"	"Fungi"	"Ascomycota"	"Leotiomycetes"	"Helotiales"	"Helotiaceae"	"Phaeohelotium"	NA
"OTU195"	NA	NA	NA	NA	NA	NA	NA
"OTU196"	"Fungi"	"Glomeromycota"	"Glomeromycetes"	"Glomerales"	"Glomeraceae"	NA	NA
"OTU197"	"Fungi"	"Ascomycota"	"Dothideomycetes"	"Pleosporales"	"Cucurbitariaceae"	"Pyrenochaeta"	NA
"OTU198"	"Fungi"	NA	NA	NA	NA	NA	NA
"OTU199"	"Fungi"	"Basidiomycota"	"Tremellomycetes"	"Tremellales"	"Bulleribasidiaceae"	"Dioszegia"	NA
"OTU200"	NA	NA	NA	NA	NA	NA	NA
"OTU201"	NA	NA	NA	NA	NA	NA	NA
"OTU202"	"Fungi"	"Basidiomycota"	"Malasseziomycetes"	"Malasseziales"	"Malasseziaceae"	"Malassezia"	"Malassezia_restricta"
"OTU203"	"Fungi"	"Glomeromycota"	"Glomeromycetes"	"Glomerales"	"Glomeraceae"	NA	NA
"OTU204"	"Fungi"	"Glomeromycota"	"Glomeromycetes"	"Glomerales"	"Claroideoglomeraceae"	"Claroideoglomus"	"Claroideoglomus_lamellosum"
"OTU205"	"Fungi"	"Basidiomycota"	"Malasseziomycetes"	"Malasseziales"	"Malasseziaceae"	"Malassezia"	"Malassezia_globosa"
"OTU206"	NA	NA	NA	NA	NA	NA	NA
"OTU207"	"Fungi"	"Chytridiomycota"	"Chytridiomycetes"	NA	NA	NA	NA
"OTU208"	"Fungi"	"Glomeromycota"	"Glomeromycetes"	"Glomerales"	"Glomeraceae"	"Rhizophagus"	"Rhizophagus_irregularis"
"OTU209"	"Fungi"	"Glomeromycota"	"Glomeromycetes"	"Glomerales"	"Glomeraceae"	"Dominikia"	"Dominikia_aurea"
"OTU210"	"Fungi"	"Glomeromycota"	"Glomeromycetes"	"Glomerales"	"Claroideoglomeraceae"	"Claroideoglomus"	NA
"OTU211"	"Fungi"	"Ascomycota"	NA	NA	NA	NA	NA
"OTU212"	"Fungi"	"Basidiomycota"	"Ustilaginomycetes"	"Ustilaginales"	"Ustilaginaceae"	"Anthracocystis"	"Anthracocystis_elionuri"
"OTU213"	"Fungi"	"Basidiomycota"	"Agaricomycetes"	"Agaricales"	"Cortinariaceae"	"Cortinarius"	"Cortinarius_pseudofallax"
"OTU214"	"Fungi"	"Glomeromycota"	"Glomeromycetes"	"Glomerales"	"Claroideoglomeraceae"	"Claroideoglomus"	NA
"OTU215"	NA	NA	NA	NA	NA	NA	NA
"OTU216"	"Fungi"	"Basidiomycota"	"Tremellomycetes"	"Tremellales"	"Bulleribasidiaceae"	"Dioszegia"	NA
"OTU217"	"Fungi"	"Glomeromycota"	"Glomeromycetes"	"Glomerales"	"Glomeraceae"	"Rhizophagus"	"Rhizophagus_irregularis"
"OTU218"	"Fungi"	"Glomeromycota"	"Glomeromycetes"	"Glomerales"	"Glomeraceae"	"Funneliformis"	"Funneliformis_caledonium"
"OTU219"	"Fungi"	"Glomeromycota"	"Glomeromycetes"	"Glomerales"	"Glomeraceae"	"Dominikia"	NA
"OTU220"	"Fungi"	"Glomeromycota"	"Glomeromycetes"	"Glomerales"	"Glomeraceae"	NA	NA
"OTU221"	NA	NA	NA	NA	NA	NA	NA
"OTU222"	"Fungi"	NA	NA	NA	NA	NA	NA
"OTU223"	"Fungi"	"Glomeromycota"	"Glomeromycetes"	"Glomerales"	"Claroideoglomeraceae"	"Claroideoglomus"	NA
"OTU224"	NA	NA	NA	NA	NA	NA	NA
"OTU225"	"Fungi"	"Glomeromycota"	"Glomeromycetes"	"Glomerales"	"Glomeraceae"	"Dominikia"	NA
"OTU226"	"Fungi"	NA	NA	NA	NA	NA	NA
"OTU227"	NA	NA	NA	NA	NA	NA	NA
"OTU228"	"Fungi"	"Ascomycota"	"Sordariomycetes"	"Xylariales"	"Amphisphaeriaceae"	"Seimatosporium"	"Seimatosporium_italicum"
"OTU229"	"Fungi"	"Basidiomycota"	"Malasseziomycetes"	"Malasseziales"	"Malasseziaceae"	"Malassezia"	"Malassezia_sympodialis"
"OTU230"	NA	NA	NA	NA	NA	NA	NA
"OTU231"	"Fungi"	"Glomeromycota"	"Glomeromycetes"	"Glomerales"	"Claroideoglomeraceae"	NA	NA
"OTU232"	"Fungi"	"Ascomycota"	"Sordariomycetes"	"Xylariales"	"Hyponectriaceae"	"Monographella"	"Monographella_nivalis"
"OTU233"	"Fungi"	"Glomeromycota"	"Glomeromycetes"	"Glomerales"	"Glomeraceae"	"Funneliformis"	"Funneliformis_mosseae"
"OTU234"	"Fungi"	"Basidiomycota"	"Tremellomycetes"	"Tremellales"	"Bulleribasidiaceae"	"Vishniacozyma"	NA
"OTU235"	"Fungi"	"Ascomycota"	"Leotiomycetes"	"Helotiales"	"Helotiaceae"	"Phaeohelotium"	NA
"OTU236"	"Fungi"	"Glomeromycota"	"Glomeromycetes"	"Glomerales"	"Claroideoglomeraceae"	"Claroideoglomus"	"Claroideoglomus_hanlinii"
"OTU237"	"Fungi"	"Glomeromycota"	"Glomeromycetes"	"Diversisporales"	"Acaulosporaceae"	"Acaulospora"	NA
"OTU238"	"Fungi"	"Basidiomycota"	"Agaricomycetes"	"Agaricales"	"Inocybaceae"	"Inocybe"	NA
"OTU239"	"Fungi"	"Ascomycota"	"Dothideomycetes"	"Pleosporales"	"Didymellaceae"	"Didymella"	NA
"OTU240"	"Fungi"	"Ascomycota"	"Leotiomycetes"	"Helotiales"	"Helotiaceae"	"Tympanis"	NA
"OTU241"	"Fungi"	NA	NA	NA	NA	NA	NA
"OTU242"	NA	NA	NA	NA	NA	NA	NA
"OTU243"	NA	NA	NA	NA	NA	NA	NA
"OTU244"	NA	NA	NA	NA	NA	NA	NA
"OTU245"	"Fungi"	"Basidiomycota"	"Tremellomycetes"	"Tremellales"	"Bulleribasidiaceae"	"Vishniacozyma"	NA
"OTU246"	"Fungi"	"Ascomycota"	"Leotiomycetes"	"Helotiales"	"Helotiaceae"	"Phaeohelotium"	NA
"OTU247"	NA	NA	NA	NA	NA	NA	NA
"OTU248"	"Fungi"	"Glomeromycota"	"Glomeromycetes"	"Glomerales"	"Claroideoglomeraceae"	"Claroideoglomus"	"Claroideoglomus_hanlinii"
"OTU249"	"Fungi"	"Ascomycota"	"Orbiliomycetes"	"Orbiliales"	"Orbiliales_fam_Incertae_sedis"	"Microdochiella"	"Microdochiella_fusarioides"
"OTU250"	"Fungi"	"Basidiomycota"	"Agaricomycetes"	"Tremellodendropsidales"	NA	NA	NA
"OTU251"	"Fungi"	"Mortierellomycota"	"Mortierellomycetes"	"Mortierellales"	"Mortierellaceae"	"Mortierella"	"Mortierella_hyalina"
"OTU252"	"Fungi"	"Glomeromycota"	"Glomeromycetes"	"Glomerales"	"Glomeraceae"	"Septoglomus"	"Septoglomus_constrictum"
"OTU253"	"Fungi"	"Basidiomycota"	"Agaricomycetes"	"Agaricales"	"Stephanosporaceae"	NA	NA
"OTU254"	"Fungi"	"Basidiomycota"	"Malasseziomycetes"	"Malasseziales"	"Malasseziaceae"	"Malassezia"	"Malassezia_globosa"
"OTU255"	"Fungi"	"Glomeromycota"	"Glomeromycetes"	"Glomerales"	"Glomeraceae"	"Rhizophagus"	"Rhizophagus_irregularis"
"OTU256"	"Fungi"	"Glomeromycota"	"Glomeromycetes"	"Glomerales"	"Glomeraceae"	"Rhizophagus"	"Rhizophagus_irregularis"
"OTU257"	"Fungi"	"Glomeromycota"	"Glomeromycetes"	"Glomerales"	"Glomeraceae"	"Funneliformis"	"Funneliformis_mosseae"
"OTU258"	"Fungi"	"Ascomycota"	"Leotiomycetes"	"Helotiales"	NA	NA	NA
"OTU259"	"Fungi"	"Glomeromycota"	"Glomeromycetes"	"Glomerales"	"Glomeraceae"	"Septoglomus"	NA
"OTU260"	"Fungi"	"Ascomycota"	"Leotiomycetes"	"Helotiales"	"Helotiaceae"	"Phaeohelotium"	NA
"OTU261"	"Fungi"	"Basidiomycota"	"Agaricomycetes"	"Cantharellales"	"Ceratobasidiaceae"	NA	NA
"OTU262"	"Fungi"	"Ascomycota"	"Dothideomycetes"	"Capnodiales"	"Cladosporiaceae"	"Graphiopsis"	"Graphiopsis_chlorocephala"
"OTU263"	"Fungi"	"Glomeromycota"	"Glomeromycetes"	"Glomerales"	"Claroideoglomeraceae"	"Claroideoglomus"	NA
"OTU264"	"Fungi"	"Basidiomycota"	"Malasseziomycetes"	"Malasseziales"	"Malasseziaceae"	NA	NA
"OTU265"	"Fungi"	NA	NA	NA	NA	NA	NA
"OTU266"	"Fungi"	"Ascomycota"	NA	NA	NA	NA	NA
"OTU267"	"Fungi"	"Ascomycota"	"Leotiomycetes"	"Helotiales"	"Helotiaceae"	"Phaeohelotium"	NA
"OTU268"	"Fungi"	"Ascomycota"	"Dothideomycetes"	"Pleosporales"	"Pleosporales_fam_Incertae_sedis"	"Hermatomyces"	NA
"OTU269"	"Fungi"	"Ascomycota"	NA	NA	NA	NA	NA
"OTU270"	"Fungi"	"Glomeromycota"	"Glomeromycetes"	"Glomerales"	"Glomeraceae"	"Septoglomus"	"Septoglomus_constrictum"
"OTU271"	"Fungi"	"Ascomycota"	"Dothideomycetes"	"Pleosporales"	"Sporormiaceae"	NA	NA
"OTU272"	"Fungi"	"Glomeromycota"	"Glomeromycetes"	"Glomerales"	"Glomeraceae"	NA	NA
"OTU273"	"Fungi"	"Ascomycota"	"Leotiomycetes"	"Helotiales"	"Helotiaceae"	"Phaeohelotium"	NA
"OTU274"	"Fungi"	"Glomeromycota"	"Glomeromycetes"	"Glomerales"	"Glomeraceae"	"Rhizophagus"	"Rhizophagus_irregularis"
"OTU275"	"Fungi"	"Ascomycota"	"Leotiomycetes"	"Helotiales"	"Helotiaceae"	"Phaeohelotium"	NA
"OTU276"	"Fungi"	"Ascomycota"	"Leotiomycetes"	"Helotiales"	"Helotiaceae"	"Phaeohelotium"	NA
"OTU277"	NA	NA	NA	NA	NA	NA	NA
"OTU278"	"Fungi"	"Ascomycota"	"Dothideomycetes"	"Pleosporales"	"Didymellaceae"	"Didymella"	NA
"OTU279"	"Fungi"	"Glomeromycota"	"Glomeromycetes"	"Glomerales"	"Glomeraceae"	NA	NA
"OTU280"	"Fungi"	"Glomeromycota"	"Glomeromycetes"	"Glomerales"	"Glomeraceae"	"Funneliformis"	"Funneliformis_mosseae"
"OTU281"	"Fungi"	"Glomeromycota"	"Glomeromycetes"	"Glomerales"	"Glomeraceae"	NA	NA
"OTU282"	"Fungi"	"Ascomycota"	NA	NA	NA	NA	NA
"OTU283"	"Fungi"	"Ascomycota"	"Leotiomycetes"	"Helotiales"	"Helotiaceae"	"Phaeohelotium"	NA
"OTU284"	"Fungi"	"Glomeromycota"	"Glomeromycetes"	"Diversisporales"	"Diversisporaceae"	NA	NA
"OTU285"	"Fungi"	"Ascomycota"	"Sordariomycetes"	NA	NA	NA	NA
"OTU286"	NA	NA	NA	NA	NA	NA	NA
"OTU287"	"Fungi"	"Glomeromycota"	"Glomeromycetes"	"Diversisporales"	"Diversisporaceae"	"Diversispora"	"Diversispora_epigaea"
"OTU288"	"Fungi"	"Ascomycota"	"Leotiomycetes"	"Helotiales"	"Helotiaceae"	"Phaeohelotium"	NA
"OTU289"	"Fungi"	"Ascomycota"	"Leotiomycetes"	"Helotiales"	"Helotiaceae"	"Phaeohelotium"	NA
"OTU290"	"Fungi"	"Ascomycota"	NA	NA	NA	NA	NA
"OTU291"	"Fungi"	"Ascomycota"	"Pezizomycetes"	"Pezizales"	"Pyronemataceae"	"Lasiobolidium"	"Lasiobolidium_orbiculoides"
"OTU292"	"Fungi"	"Basidiomycota"	"Tremellomycetes"	"Tremellales"	"Bulleribasidiaceae"	"Hannaella"	"Hannaella_surugaensis"
"OTU293"	"Fungi"	"Glomeromycota"	"Glomeromycetes"	"Glomerales"	"Claroideoglomeraceae"	NA	NA
"OTU294"	"Fungi"	"Glomeromycota"	"Glomeromycetes"	"Glomerales"	"Claroideoglomeraceae"	"Claroideoglomus"	"Claroideoglomus_claroideum"
"OTU295"	"Fungi"	"Ascomycota"	"Leotiomycetes"	"Helotiales"	"Helotiaceae"	"Phaeohelotium"	NA
"OTU296"	"Fungi"	"Ascomycota"	"Leotiomycetes"	"Helotiales"	"Helotiaceae"	"Phaeohelotium"	NA
"OTU297"	"Fungi"	"Ascomycota"	"Leotiomycetes"	"Helotiales"	NA	NA	NA
"OTU298"	NA	NA	NA	NA	NA	NA	NA
"OTU299"	"Fungi"	"Ascomycota"	"Dothideomycetes"	NA	NA	NA	NA
"OTU300"	NA	NA	NA	NA	NA	NA	NA
"OTU301"	"Fungi"	"Ascomycota"	"Sordariomycetes"	"Xylariales"	"Apiosporaceae"	"Arthrinium"	NA
"OTU302"	"Fungi"	"Ascomycota"	"Dothideomycetes"	"Pleosporales"	"Didymellaceae"	"Didymella"	NA
"OTU303"	"Fungi"	"Ascomycota"	"Leotiomycetes"	"Helotiales"	"Helotiaceae"	"Phaeohelotium"	NA
"OTU304"	"Fungi"	"Ascomycota"	"Leotiomycetes"	"Helotiales"	"Helotiaceae"	"Phaeohelotium"	NA
"OTU305"	"Fungi"	NA	NA	NA	NA	NA	NA
"OTU306"	"Fungi"	"Ascomycota"	"Leotiomycetes"	"Helotiales"	"Helotiaceae"	"Phaeohelotium"	NA
"OTU307"	NA	NA	NA	NA	NA	NA	NA
"OTU308"	NA	NA	NA	NA	NA	NA	NA
"OTU309"	"Fungi"	"Ascomycota"	NA	NA	NA	NA	NA
"OTU310"	"Fungi"	"Ascomycota"	"Leotiomycetes"	"Helotiales"	"Helotiaceae"	"Phaeohelotium"	NA
"OTU311"	"Fungi"	"Glomeromycota"	"Paraglomeromycetes"	"Paraglomerales"	"Paraglomeraceae"	"Paraglomus"	"Paraglomus_laccatum"
"OTU312"	"Fungi"	"Basidiomycota"	"Tremellomycetes"	"Tremellales"	"Bulleribasidiaceae"	"Vishniacozyma"	"Vishniacozyma_taibaiensis"
"OTU313"	"Fungi"	"Glomeromycota"	"Glomeromycetes"	"Glomerales"	"Glomeraceae"	"Dominikia"	"Dominikia_aurea"
"OTU314"	"Fungi"	"Ascomycota"	"Leotiomycetes"	"Helotiales"	"Helotiaceae"	"Phaeohelotium"	NA
"OTU315"	"Fungi"	"Basidiomycota"	"Agaricomycetes"	"Cantharellales"	"Ceratobasidiaceae"	NA	NA
"OTU316"	"Fungi"	"Ascomycota"	"Leotiomycetes"	"Helotiales"	NA	NA	NA
"OTU317"	"Fungi"	"Glomeromycota"	"Glomeromycetes"	"Glomerales"	"Glomeraceae"	NA	NA
"OTU318"	"Fungi"	"Glomeromycota"	"Glomeromycetes"	"Glomerales"	"Glomeraceae"	"Rhizophagus"	"Rhizophagus_irregularis"
"OTU319"	NA	NA	NA	NA	NA	NA	NA
"OTU320"	NA	NA	NA	NA	NA	NA	NA
"OTU321"	"Fungi"	"Ascomycota"	"Leotiomycetes"	"Helotiales"	"Helotiaceae"	"Phaeohelotium"	NA
"OTU322"	"Fungi"	"Ascomycota"	"Leotiomycetes"	"Helotiales"	"Helotiaceae"	"Phaeohelotium"	NA
"OTU323"	"Fungi"	"Ascomycota"	"Leotiomycetes"	"Helotiales"	"Helotiaceae"	"Phaeohelotium"	NA
"OTU324"	"Fungi"	"Rozellomycota"	NA	NA	NA	NA	NA
"OTU325"	"Fungi"	"Ascomycota"	"Leotiomycetes"	"Helotiales"	"Helotiaceae"	"Phaeohelotium"	NA
"OTU326"	"Fungi"	NA	NA	NA	NA	NA	NA
"OTU327"	NA	NA	NA	NA	NA	NA	NA
"OTU328"	"Fungi"	"Glomeromycota"	"Glomeromycetes"	"Glomerales"	"Glomeraceae"	NA	NA
"OTU329"	"Fungi"	"Ascomycota"	"Leotiomycetes"	"Helotiales"	"Helotiaceae"	"Phaeohelotium"	NA
"OTU330"	NA	NA	NA	NA	NA	NA	NA
"OTU331"	NA	NA	NA	NA	NA	NA	NA
"OTU332"	"Fungi"	"Ascomycota"	"Leotiomycetes"	"Helotiales"	"Helotiaceae"	"Phaeohelotium"	NA
"OTU333"	"Fungi"	"Basidiomycota"	"Agaricomycetes"	"Agaricales"	"Cortinariaceae"	"Cortinarius"	"Cortinarius_dolabratus"
"OTU334"	"Fungi"	NA	NA	NA	NA	NA	NA
"OTU335"	NA	NA	NA	NA	NA	NA	NA
"OTU336"	"Fungi"	"Basidiomycota"	"Agaricomycetes"	"Cantharellales"	"Ceratobasidiaceae"	NA	NA
"OTU337"	NA	NA	NA	NA	NA	NA	NA
"OTU338"	"Fungi"	NA	NA	NA	NA	NA	NA
"OTU339"	"Fungi"	"Basidiomycota"	"Agaricomycetes"	"Cantharellales"	"Ceratobasidiaceae"	NA	NA
"OTU340"	"Fungi"	"Glomeromycota"	"Glomeromycetes"	"Glomerales"	"Glomeraceae"	"Dominikia"	NA
"OTU341"	"Fungi"	"Ascomycota"	"Leotiomycetes"	"Helotiales"	"Helotiaceae"	"Phaeohelotium"	NA
"OTU342"	"Fungi"	"Ascomycota"	"Dothideomycetes"	"Capnodiales"	"Capnodiaceae"	NA	NA
"OTU343"	"Fungi"	"Ascomycota"	"Pezizomycetes"	"Pezizales"	"Morchellaceae"	"Morchella"	"Morchella_importuna"
"OTU344"	"Fungi"	"Ascomycota"	NA	NA	NA	NA	NA
"OTU345"	NA	NA	NA	NA	NA	NA	NA
"OTU346"	"Fungi"	"Ascomycota"	"Leotiomycetes"	"Helotiales"	"Helotiaceae"	"Phaeohelotium"	NA
"OTU347"	"Fungi"	"Ascomycota"	"Dothideomycetes"	NA	NA	NA	NA
"OTU348"	"Fungi"	"Basidiomycota"	"Agaricomycetes"	"Cantharellales"	"Clavulinaceae"	NA	NA
"OTU349"	"Fungi"	"Mortierellomycota"	"Mortierellomycetes"	"Mortierellales"	"Mortierellaceae"	"Mortierella"	"Mortierella_hyalina"
"OTU350"	NA	NA	NA	NA	NA	NA	NA
"OTU351"	"Fungi"	"Basidiomycota"	"Tremellomycetes"	"Holtermanniales"	"Holtermanniales_fam_Incertae_sedis"	"Holtermanniella"	"Holtermanniella_takashimae"
"OTU352"	"Fungi"	"Glomeromycota"	"Glomeromycetes"	"Glomerales"	"Glomeraceae"	NA	NA
"OTU353"	"Fungi"	"Ascomycota"	"Leotiomycetes"	"Helotiales"	"Helotiaceae"	"Phaeohelotium"	NA
"OTU354"	NA	NA	NA	NA	NA	NA	NA
"OTU355"	"Fungi"	"Basidiomycota"	"Agaricomycetes"	"Sebacinales"	"Serendipitaceae"	NA	NA
"OTU356"	"Fungi"	"Glomeromycota"	"Glomeromycetes"	"Glomerales"	"Glomeraceae"	"Dominikia"	NA
"OTU357"	"Fungi"	"Ascomycota"	"Dothideomycetes"	"Capnodiales"	"Mycosphaerellaceae"	"Pseudocercospora"	"Pseudocercospora_vassobiae"
"OTU358"	"Fungi"	"Glomeromycota"	"Glomeromycetes"	"Glomerales"	"Glomeraceae"	NA	NA
"OTU359"	"Fungi"	"Ascomycota"	"Pezizomycetes"	"Pezizales"	"Pyronemataceae"	NA	NA
"OTU360"	"Fungi"	"Ascomycota"	"Leotiomycetes"	"Helotiales"	"Helotiaceae"	"Phaeohelotium"	NA
"OTU361"	"Fungi"	"Ascomycota"	"Leotiomycetes"	"Helotiales"	"Helotiaceae"	"Phaeohelotium"	NA
"OTU362"	"Fungi"	"Ascomycota"	"Leotiomycetes"	"Helotiales"	"Helotiaceae"	"Phaeohelotium"	NA
"OTU363"	"Fungi"	"Glomeromycota"	"Glomeromycetes"	"Glomerales"	"Glomeraceae"	"Rhizophagus"	"Rhizophagus_irregularis"
"OTU364"	NA	NA	NA	NA	NA	NA	NA
"OTU365"	"Fungi"	"Glomeromycota"	"Glomeromycetes"	NA	NA	NA	NA
"OTU366"	"Fungi"	"Glomeromycota"	"Glomeromycetes"	"Glomerales"	"Glomeraceae"	NA	NA
"OTU367"	"Fungi"	"Glomeromycota"	"Glomeromycetes"	"Glomerales"	"Glomeraceae"	NA	NA
"OTU368"	"Fungi"	"Basidiomycota"	"Agaricomycetes"	"Tremellodendropsidales"	NA	NA	NA
"OTU369"	"Fungi"	"Ascomycota"	"Leotiomycetes"	"Helotiales"	NA	NA	NA
"OTU370"	"Fungi"	"Ascomycota"	"Leotiomycetes"	"Helotiales"	"Helotiaceae"	"Phaeohelotium"	NA
"OTU371"	"Fungi"	"Ascomycota"	NA	NA	NA	NA	NA
"OTU372"	"Fungi"	"Ascomycota"	"Sordariomycetes"	"Microascales"	"Microascaceae"	"Cephalotrichum"	"Cephalotrichum_nanum"
"OTU373"	"Fungi"	"Ascomycota"	"Dothideomycetes"	"Pleosporales"	"Cucurbitariaceae"	"Cucurbitaria"	"Cucurbitaria_oromediterranea"
"OTU374"	"Fungi"	"Ascomycota"	"Dothideomycetes"	"Dothideomycetes_ord_Incertae_sedis"	NA	NA	NA
"OTU375"	"Fungi"	"Ascomycota"	"Sordariomycetes"	"Xylariales"	"Xylariaceae"	"Entosordaria"	"Entosordaria_quercina"
"OTU376"	"Fungi"	NA	NA	NA	NA	NA	NA
"OTU377"	"Fungi"	"Ascomycota"	"Leotiomycetes"	"Helotiales"	"Helotiaceae"	"Phaeohelotium"	NA
"OTU378"	"Fungi"	"Ascomycota"	"Eurotiomycetes"	"Chaetothyriales"	"Herpotrichiellaceae"	"Exophiala"	"Exophiala_equina"
"OTU379"	NA	NA	NA	NA	NA	NA	NA
"OTU380"	"Fungi"	"Basidiomycota"	"Agaricomycetes"	"Agaricales"	"Psathyrellaceae"	"Psathyrella"	"Psathyrella_marquana"
"OTU381"	"Fungi"	"Ascomycota"	"Leotiomycetes"	"Helotiales"	"Helotiaceae"	"Phaeohelotium"	NA
"OTU382"	"Fungi"	"Ascomycota"	"Eurotiomycetes"	"Verrucariales"	"Verrucariaceae"	"Clavascidium"	NA
"OTU383"	"Fungi"	"Ascomycota"	"Leotiomycetes"	"Helotiales"	"Helotiaceae"	"Phaeohelotium"	NA
"OTU384"	"Fungi"	"Basidiomycota"	"Agaricomycetes"	"Agaricales"	"Psathyrellaceae"	"Coprinopsis"	"Coprinopsis_vermiculifer"
"OTU385"	NA	NA	NA	NA	NA	NA	NA
"OTU386"	"Fungi"	"Ascomycota"	"Leotiomycetes"	"Helotiales"	NA	NA	NA
"OTU387"	"Fungi"	"Basidiomycota"	"Agaricomycetes"	"Agaricales"	"Psathyrellaceae"	"Coprinopsis"	"Coprinopsis_vermiculifer"
"OTU388"	NA	NA	NA	NA	NA	NA	NA
"OTU389"	"Fungi"	"Glomeromycota"	"Glomeromycetes"	"Glomerales"	"Claroideoglomeraceae"	"Claroideoglomus"	"Claroideoglomus_luteum"
"OTU390"	"Fungi"	"Basidiomycota"	"Agaricomycetes"	"Agaricales"	"Strophariaceae"	"Galerina"	"Galerina_marginata"
"OTU391"	"Fungi"	"Glomeromycota"	"Glomeromycetes"	"Glomerales"	"Glomeraceae"	"Rhizophagus"	"Rhizophagus_irregularis"
"OTU392"	"Fungi"	"Ascomycota"	"Leotiomycetes"	"Helotiales"	"Helotiaceae"	"Phaeohelotium"	NA
"OTU393"	"Fungi"	"Ascomycota"	"Leotiomycetes"	"Helotiales"	"Helotiaceae"	"Claussenomyces"	NA
"OTU394"	"Fungi"	"Ascomycota"	"Leotiomycetes"	"Helotiales"	"Helotiaceae"	"Phaeohelotium"	NA
"OTU395"	"Fungi"	"Basidiomycota"	"Cystobasidiomycetes"	"Cystobasidiales"	"Cystobasidiaceae"	"Cystobasidium"	NA
"OTU396"	"Fungi"	NA	NA	NA	NA	NA	NA
"OTU397"	"Fungi"	"Ascomycota"	"Leotiomycetes"	"Helotiales"	"Helotiaceae"	"Phaeohelotium"	NA
"OTU398"	"Fungi"	NA	NA	NA	NA	NA	NA
"OTU399"	"Fungi"	"Ascomycota"	"Leotiomycetes"	"Helotiales"	"Helotiaceae"	"Phaeohelotium"	NA
"OTU400"	"Fungi"	"Basidiomycota"	"Agaricomycetes"	"Agaricales"	"Entolomataceae"	"Clitopilus"	NA
"OTU401"	"Fungi"	"Ascomycota"	"Leotiomycetes"	"Helotiales"	"Helotiaceae"	"Phaeohelotium"	NA
"OTU402"	"Fungi"	"Ascomycota"	NA	NA	NA	NA	NA
"OTU403"	"Fungi"	"Ascomycota"	"Leotiomycetes"	"Helotiales"	"Helotiaceae"	"Phaeohelotium"	NA
"OTU404"	"Fungi"	"Ascomycota"	"Leotiomycetes"	"Helotiales"	"Helotiaceae"	"Phaeohelotium"	NA
"OTU405"	"Fungi"	"Glomeromycota"	"Glomeromycetes"	"Diversisporales"	"Diversisporaceae"	NA	NA
"OTU406"	"Fungi"	"Glomeromycota"	"Glomeromycetes"	"Glomerales"	"Claroideoglomeraceae"	"Claroideoglomus"	NA
"OTU407"	"Fungi"	"Ascomycota"	"Pezizomycetes"	"Pezizales"	"Pyronemataceae"	NA	NA
"OTU408"	"Fungi"	"Ascomycota"	"Leotiomycetes"	"Helotiales"	"Helotiaceae"	"Phaeohelotium"	NA
"OTU409"	"Fungi"	"Ascomycota"	"Dothideomycetes"	"Dothideales"	"Aureobasidiaceae"	NA	NA
"OTU410"	"Fungi"	"Basidiomycota"	"Agaricomycetes"	"Cantharellales"	"Tulasnellaceae"	"Tulasnella"	NA
"OTU411"	"Fungi"	"Ascomycota"	"Leotiomycetes"	"Helotiales"	"Helotiaceae"	"Phaeohelotium"	NA
"OTU412"	"Fungi"	"Ascomycota"	"Leotiomycetes"	"Helotiales"	"Helotiaceae"	"Phaeohelotium"	NA
"OTU413"	"Fungi"	"Ascomycota"	NA	NA	NA	NA	NA
"OTU414"	"Fungi"	"Ascomycota"	"Leotiomycetes"	"Helotiales"	"Helotiaceae"	"Phaeohelotium"	NA
"OTU415"	"Fungi"	"Basidiomycota"	"Tremellomycetes"	"Tremellales"	NA	NA	NA
"OTU416"	"Fungi"	"Ascomycota"	"Leotiomycetes"	"Helotiales"	"Helotiaceae"	"Heyderia"	NA
"OTU417"	"Fungi"	"Basidiomycota"	"Agaricomycetes"	NA	NA	NA	NA
"OTU418"	"Fungi"	"Glomeromycota"	"Paraglomeromycetes"	"Paraglomerales"	"Paraglomeraceae"	"Paraglomus"	"Paraglomus_laccatum"
"OTU419"	"Fungi"	"Glomeromycota"	"Glomeromycetes"	"Glomerales"	"Glomeraceae"	NA	NA
"OTU420"	"Fungi"	"Ascomycota"	"Dothideomycetes"	"Minutisphaerales"	"Minutisphaeraceae"	"Minutisphaera"	NA
"OTU421"	"Fungi"	"Ascomycota"	"Dothideomycetes"	"Minutisphaerales"	"Minutisphaeraceae"	"Minutisphaera"	NA
"OTU422"	"Fungi"	"Glomeromycota"	"Glomeromycetes"	"Glomerales"	"Claroideoglomeraceae"	"Claroideoglomus"	"Claroideoglomus_lamellosum"
"OTU423"	"Fungi"	"Ascomycota"	"Dothideomycetes"	"Pleosporales"	"Pleosporaceae"	"Alternaria"	"Alternaria_thalictrigena"
"OTU424"	"Fungi"	"Ascomycota"	NA	NA	NA	NA	NA
"OTU425"	"Fungi"	"Ascomycota"	"Leotiomycetes"	"Helotiales"	"Helotiaceae"	"Phaeohelotium"	NA
"OTU426"	NA	NA	NA	NA	NA	NA	NA
"OTU427"	"Fungi"	"Ascomycota"	"Pezizomycetes"	"Pezizales"	"Pezizaceae"	"Peziza"	NA
"OTU428"	NA	NA	NA	NA	NA	NA	NA
"OTU429"	"Fungi"	"Glomeromycota"	"Glomeromycetes"	"Glomerales"	"Claroideoglomeraceae"	"Claroideoglomus"	"Claroideoglomus_lamellosum"
"OTU430"	"Fungi"	"Basidiomycota"	"Agaricomycetes"	"Sebacinales"	NA	NA	NA
"OTU431"	"Fungi"	"Glomeromycota"	"Glomeromycetes"	"Glomerales"	"Glomeraceae"	NA	NA
"OTU432"	"Fungi"	"Ascomycota"	"Leotiomycetes"	"Helotiales"	"Helotiaceae"	"Phaeohelotium"	NA
"OTU433"	"Fungi"	"Ascomycota"	"Leotiomycetes"	"Helotiales"	"Helotiaceae"	"Phaeohelotium"	NA
"OTU434"	"Fungi"	"Ascomycota"	"Leotiomycetes"	"Helotiales"	"Helotiaceae"	"Phaeohelotium"	NA
"OTU435"	"Fungi"	NA	NA	NA	NA	NA	NA
"OTU436"	"Fungi"	"Basidiomycota"	"Agaricomycetes"	"Agaricales"	"Psathyrellaceae"	"Psathyrella"	"Psathyrella_merdicola"
"OTU437"	"Fungi"	"Ascomycota"	"Dothideomycetes"	"Pleosporales"	NA	NA	NA
"OTU438"	"Fungi"	"Ascomycota"	"Leotiomycetes"	"Helotiales"	"Helotiaceae"	"Phaeohelotium"	NA
"OTU439"	"Fungi"	"Ascomycota"	"Leotiomycetes"	"Helotiales"	"Helotiaceae"	"Phaeohelotium"	NA
"OTU440"	"Fungi"	"Glomeromycota"	"Glomeromycetes"	"Glomerales"	"Glomeraceae"	NA	NA
"OTU441"	"Fungi"	"Basidiomycota"	"Agaricomycetes"	"Agaricales"	"Psathyrellaceae"	"Psathyrella"	"Psathyrella_marquana"
"OTU442"	"Fungi"	"Ascomycota"	"Leotiomycetes"	"Helotiales"	"Helotiaceae"	"Phaeohelotium"	NA
"OTU443"	"Fungi"	"Glomeromycota"	"Glomeromycetes"	"Glomerales"	"Glomeraceae"	NA	NA
"OTU444"	"Fungi"	"Glomeromycota"	"Glomeromycetes"	"Glomerales"	"Claroideoglomeraceae"	NA	NA
"OTU445"	"Fungi"	"Glomeromycota"	NA	NA	NA	NA	NA
"OTU446"	"Fungi"	"Ascomycota"	"Pezizomycetes"	"Pezizales"	"Pyronemataceae"	"Cheilymenia"	"Cheilymenia_stercorea"
"OTU447"	"Fungi"	"Ascomycota"	"Leotiomycetes"	"Helotiales"	NA	NA	NA
"OTU448"	"Fungi"	"Basidiomycota"	"Tremellomycetes"	"Tremellales"	"Bulleribasidiaceae"	"Hannaella"	"Hannaella_surugaensis"
"OTU449"	"Fungi"	"Glomeromycota"	"Glomeromycetes"	"Glomerales"	"Claroideoglomeraceae"	"Claroideoglomus"	NA
"OTU450"	"Fungi"	"Ascomycota"	"Leotiomycetes"	"Helotiales"	"Helotiaceae"	"Phaeohelotium"	NA
"OTU451"	"Fungi"	"Glomeromycota"	"Paraglomeromycetes"	"Paraglomerales"	"Paraglomeraceae"	"Paraglomus"	"Paraglomus_laccatum"
"OTU452"	"Fungi"	"Basidiomycota"	"Agaricomycetes"	"Auriculariales"	NA	NA	NA
"OTU453"	"Fungi"	"Ascomycota"	"Leotiomycetes"	"Helotiales"	NA	NA	NA
"OTU454"	"Fungi"	"Ascomycota"	"Dothideomycetes"	"Pleosporales"	"Didymellaceae"	"Didymella"	NA
"OTU455"	"Fungi"	"Ascomycota"	"Eurotiomycetes"	"Chaetothyriales"	NA	NA	NA
"OTU456"	NA	NA	NA	NA	NA	NA	NA
"OTU457"	"Fungi"	"Ascomycota"	"Leotiomycetes"	"Helotiales"	"Helotiaceae"	"Heyderia"	NA
"OTU458"	NA	NA	NA	NA	NA	NA	NA
"OTU459"	"Fungi"	"Ascomycota"	"Dothideomycetes"	"Pleosporales"	"Cucurbitariaceae"	"Pyrenochaeta"	NA
"OTU460"	"Fungi"	"Basidiomycota"	"Agaricomycetes"	"Sebacinales"	NA	NA	NA
"OTU461"	"Fungi"	"Ascomycota"	"Leotiomycetes"	"Helotiales"	"Helotiaceae"	"Phaeohelotium"	NA
"OTU462"	"Fungi"	"Mortierellomycota"	NA	NA	NA	NA	NA
"OTU463"	"Fungi"	"Chytridiomycota"	"Lobulomycetes"	"Lobulomycetales"	NA	NA	NA
"OTU464"	"Fungi"	"Basidiomycota"	"Agaricomycetes"	"Russulales"	"Russulaceae"	"Lactarius"	"Lactarius_hatsudake"
"OTU465"	"Fungi"	"Glomeromycota"	"Glomeromycetes"	"Glomerales"	"Glomeraceae"	"Rhizophagus"	"Rhizophagus_irregularis"
"OTU466"	"Fungi"	"Ascomycota"	"Saccharomycetes"	"Saccharomycetales"	"Saccharomycetales_fam_Incertae_sedis"	"Candida"	"Candida_kruisii"
"OTU467"	"Fungi"	"Basidiomycota"	"Agaricomycetes"	"Agaricales"	"Inocybaceae"	"Inocybe"	NA
"OTU468"	"Fungi"	"Ascomycota"	"Dothideomycetes"	"Pleosporales"	"Cucurbitariaceae"	"Cucurbitaria"	"Cucurbitaria_oromediterranea"
"OTU469"	"Fungi"	"Glomeromycota"	"Glomeromycetes"	"Glomerales"	"Glomeraceae"	"Glomus"	NA
"OTU470"	"Fungi"	"Ascomycota"	"Leotiomycetes"	"Helotiales"	"Helotiaceae"	"Phaeohelotium"	NA
"OTU471"	"Fungi"	"Ascomycota"	"Dothideomycetes"	"Capnodiales"	"Mycosphaerellaceae"	"Pseudocercospora"	"Pseudocercospora_vassobiae"
"OTU472"	"Fungi"	"Basidiomycota"	"Agaricomycetes"	"Cantharellales"	"Ceratobasidiaceae"	NA	NA
"OTU473"	"Fungi"	"Ascomycota"	"Leotiomycetes"	"Helotiales"	"Helotiaceae"	"Phaeohelotium"	NA
"OTU474"	"Fungi"	"Ascomycota"	"Leotiomycetes"	"Helotiales"	"Helotiaceae"	"Phaeohelotium"	NA
"OTU475"	"Fungi"	"Ascomycota"	"Pezizomycetes"	"Pezizales"	"Pyronemataceae"	"Cheilymenia"	"Cheilymenia_stercorea"
"OTU476"	"Fungi"	"Basidiomycota"	"Tremellomycetes"	"Trichosporonales"	"Tetragoniomycetaceae"	"Cryptotrichosporon"	"Cryptotrichosporon_tibetense"
"OTU477"	"Fungi"	"Basidiomycota"	"Agaricomycetes"	"Auriculariales"	NA	NA	NA
"OTU478"	"Fungi"	"Basidiomycota"	"Tremellomycetes"	"Tremellales"	"Bulleribasidiaceae"	"Vishniacozyma"	NA
"OTU479"	"Fungi"	"Basidiomycota"	"Agaricomycetes"	"Agaricales"	"Bolbitiaceae"	"Conocybe"	NA
"OTU480"	"Fungi"	"Basidiomycota"	"Tremellomycetes"	"Trichosporonales"	"Tetragoniomycetaceae"	"Cryptotrichosporon"	"Cryptotrichosporon_tibetense"
"OTU481"	"Fungi"	"Glomeromycota"	"Glomeromycetes"	"Diversisporales"	"Diversisporaceae"	"Diversispora"	NA
"OTU482"	"Fungi"	"Ascomycota"	"Leotiomycetes"	"Helotiales"	"Helotiaceae"	"Phaeohelotium"	NA
"OTU483"	"Fungi"	"Basidiomycota"	"Agaricomycetes"	"Cantharellales"	"Ceratobasidiaceae"	NA	NA
"OTU484"	"Fungi"	"Basidiomycota"	"Tremellomycetes"	"Tremellales"	"Bulleribasidiaceae"	"Vishniacozyma"	"Vishniacozyma_taibaiensis"
"OTU485"	"Fungi"	"Ascomycota"	"Leotiomycetes"	"Helotiales"	"Helotiaceae"	"Phaeohelotium"	NA
"OTU486"	"Fungi"	"Ascomycota"	"Leotiomycetes"	"Helotiales"	"Helotiaceae"	"Phaeohelotium"	NA
"OTU487"	"Fungi"	"Ascomycota"	"Leotiomycetes"	"Helotiales"	"Helotiaceae"	"Phaeohelotium"	NA
"OTU488"	"Fungi"	"Rozellomycota"	"Rozellomycotina_cls_Incertae_sedis"	"GS10"	NA	NA	NA
"OTU489"	"Fungi"	"Ascomycota"	NA	NA	NA	NA	NA
"OTU490"	"Fungi"	"Basidiomycota"	"Tremellomycetes"	"Tremellales"	"Tremellaceae"	"Cryptococcus"	NA
"OTU491"	"Fungi"	"Ascomycota"	"Leotiomycetes"	"Helotiales"	"Helotiaceae"	"Phaeohelotium"	NA
"OTU492"	"Fungi"	"Ascomycota"	"Leotiomycetes"	"Helotiales"	"Helotiaceae"	"Phaeohelotium"	NA
"OTU493"	NA	NA	NA	NA	NA	NA	NA
"OTU494"	NA	NA	NA	NA	NA	NA	NA
"OTU495"	"Fungi"	"Ascomycota"	"Leotiomycetes"	"Helotiales"	"Helotiaceae"	"Phaeohelotium"	NA
"OTU496"	NA	NA	NA	NA	NA	NA	NA
"OTU497"	"Fungi"	"Ascomycota"	"Leotiomycetes"	"Helotiales"	"Helotiaceae"	"Phaeohelotium"	NA
"OTU498"	"Fungi"	"Ascomycota"	"Leotiomycetes"	"Helotiales"	"Helotiaceae"	"Phaeohelotium"	NA
"OTU499"	NA	NA	NA	NA	NA	NA	NA
"OTU500"	NA	NA	NA	NA	NA	NA	NA
"OTU501"	"Fungi"	"Ascomycota"	"Leotiomycetes"	"Helotiales"	"Helotiaceae"	"Phaeohelotium"	NA
"OTU502"	"Fungi"	"Glomeromycota"	"Glomeromycetes"	"Glomerales"	"Glomeraceae"	NA	NA
"OTU503"	"Fungi"	"Ascomycota"	"Leotiomycetes"	"Helotiales"	"Helotiaceae"	"Phaeohelotium"	NA
"OTU504"	"Fungi"	"Ascomycota"	"Leotiomycetes"	"Helotiales"	"Helotiaceae"	"Phaeohelotium"	NA
"OTU505"	"Fungi"	"Ascomycota"	"Saccharomycetes"	"Saccharomycetales"	"Saccharomycodaceae"	"Hanseniaspora"	NA
"OTU506"	"Fungi"	"Ascomycota"	"Dothideomycetes"	"Pleosporales"	"Pleosporaceae"	"Curvularia"	"Curvularia_petersonii"
"OTU507"	"Fungi"	"Basidiomycota"	"Cystobasidiomycetes"	"Erythrobasidiales"	NA	NA	NA
"OTU508"	NA	NA	NA	NA	NA	NA	NA
"OTU509"	"Fungi"	"Glomeromycota"	"Glomeromycetes"	"Glomerales"	"Claroideoglomeraceae"	"Claroideoglomus"	NA
"OTU510"	"Fungi"	"Ascomycota"	"Leotiomycetes"	"Helotiales"	"Helotiaceae"	"Phaeohelotium"	NA
"OTU511"	NA	NA	NA	NA	NA	NA	NA
"OTU512"	"Fungi"	"Ascomycota"	"Leotiomycetes"	"Helotiales"	NA	NA	NA
"OTU513"	NA	NA	NA	NA	NA	NA	NA
"OTU514"	"Fungi"	"Ascomycota"	"Leotiomycetes"	"Helotiales"	"Helotiaceae"	"Phaeohelotium"	NA
"OTU515"	"Fungi"	"Basidiomycota"	"Agaricomycetes"	"Cantharellales"	"Tulasnellaceae"	"Tulasnella"	NA
"OTU516"	"Fungi"	"Glomeromycota"	"Glomeromycetes"	"Glomerales"	NA	NA	NA
"OTU517"	"Fungi"	"Ascomycota"	NA	NA	NA	NA	NA
"OTU518"	"Fungi"	"Ascomycota"	"Leotiomycetes"	"Helotiales"	NA	NA	NA
"OTU519"	"Fungi"	"Basidiomycota"	"Agaricomycetes"	"Cantharellales"	"Ceratobasidiaceae"	NA	NA
"OTU520"	"Fungi"	"Ascomycota"	"Orbiliomycetes"	"Orbiliales"	"Orbiliales_fam_Incertae_sedis"	"Vermispora"	"Vermispora_spermatophaga"
"OTU521"	"Fungi"	"Ascomycota"	"Leotiomycetes"	"Helotiales"	"Helotiaceae"	"Phaeohelotium"	NA
"OTU522"	"Fungi"	"Basidiomycota"	"Agaricomycetes"	"Cantharellales"	"Tulasnellaceae"	"Tulasnella"	NA
"OTU523"	NA	NA	NA	NA	NA	NA	NA
"OTU524"	"Fungi"	"Ascomycota"	"Leotiomycetes"	"Helotiales"	"Helotiaceae"	"Phaeohelotium"	NA
"OTU525"	"Fungi"	"Ascomycota"	"Leotiomycetes"	"Helotiales"	"Helotiaceae"	"Phaeohelotium"	NA
"OTU526"	"Fungi"	"Ascomycota"	"Leotiomycetes"	"Helotiales"	"Helotiaceae"	"Phaeohelotium"	NA
"OTU527"	"Fungi"	"Basidiomycota"	"Tremellomycetes"	"Tremellales"	"Rhynchogastremataceae"	"Papiliotrema"	"Papiliotrema_odontotermitis"
"OTU528"	NA	NA	NA	NA	NA	NA	NA
"OTU529"	"Fungi"	"Ascomycota"	"Leotiomycetes"	"Helotiales"	"Helotiaceae"	"Phaeohelotium"	NA
"OTU530"	"Fungi"	"Basidiomycota"	"Agaricomycetes"	"Sebacinales"	"Sebacinaceae"	NA	NA
"OTU531"	"Fungi"	"Ascomycota"	"Leotiomycetes"	"Helotiales"	"Helotiaceae"	"Phaeohelotium"	NA
"OTU532"	"Fungi"	"Ascomycota"	"Leotiomycetes"	"Helotiales"	"Helotiaceae"	"Phaeohelotium"	NA
"OTU533"	"Fungi"	"Basidiomycota"	"Malasseziomycetes"	"Malasseziales"	"Malasseziaceae"	"Malassezia"	"Malassezia_arunalokei"
"OTU534"	"Fungi"	"Ascomycota"	"Leotiomycetes"	"Helotiales"	"Helotiaceae"	"Phaeohelotium"	NA
"OTU535"	"Fungi"	"Ascomycota"	"Leotiomycetes"	"Helotiales"	"Helotiaceae"	"Phaeohelotium"	NA
"OTU536"	NA	NA	NA	NA	NA	NA	NA
"OTU537"	NA	NA	NA	NA	NA	NA	NA
"OTU538"	NA	NA	NA	NA	NA	NA	NA
"OTU539"	"Fungi"	"Ascomycota"	"Dothideomycetes"	NA	NA	NA	NA
"OTU540"	"Fungi"	"Ascomycota"	"Leotiomycetes"	"Helotiales"	"Helotiaceae"	"Phaeohelotium"	NA
"OTU541"	"Fungi"	"Ascomycota"	"Dothideomycetes"	"Pleosporales"	"Pleosporaceae"	"Alternaria"	"Alternaria_thalictrigena"
"OTU542"	"Fungi"	"Basidiomycota"	"Agaricostilbomycetes"	"Agaricostilbales"	"Ruineniaceae"	"Ruinenia"	"Ruinenia_clavata"
"OTU543"	"Fungi"	"Ascomycota"	"Leotiomycetes"	"Helotiales"	"Helotiaceae"	"Phaeohelotium"	NA
"OTU544"	"Fungi"	"Ascomycota"	"Leotiomycetes"	"Helotiales"	"Helotiaceae"	"Phaeohelotium"	NA
"OTU545"	"Fungi"	"Glomeromycota"	"Glomeromycetes"	"Glomerales"	"Glomeraceae"	"Funneliformis"	"Funneliformis_mosseae"
"OTU546"	"Fungi"	"Glomeromycota"	"Glomeromycetes"	"Glomerales"	"Claroideoglomeraceae"	"Claroideoglomus"	"Claroideoglomus_lamellosum"
